date,asset,estimator,eps_revision_score,forward_peg_score,fcf_yield_minus_tbill,ai_profit_conversion_score,top_weight_concentration,breadth_200dma,crowding_score,asset_extension_200dma,asset_rsi_14,asset_return_63d,score,predicted_1m_return,actual_forward_1m_return,actual_forward_1m_avg_return,label_end_i,max_train_label_end_i,actual_up,actual_avg_up,prediction_error,model_coefficients,sample_size
2021-06-01,QQQ,rule_signal,,,,,,,,0.08279203,59.14740945,0.04528899,0.65857912,0.01585791,0.06535064,0.03295391,274,,1,1,-0.04949273,"{""rule_extension_200dma"": 0.08279203, ""rule_return_63d"": 0.04528899, ""rule_rsi_14"": 59.14740945}",0
2021-06-01,GLD,rule_signal,,,,,,,,0.02763639,76.76571153,0.09537584,0.38833858,-0.01116614,-0.06576727,-0.03860439,274,,0,0,0.05460113,"{""rule_extension_200dma"": 0.02763639, ""rule_return_63d"": 0.09537584, ""rule_rsi_14"": 76.76571153}",0
2021-06-01,SGOV,rule_signal,,,,,,,,6.826e-05,53.84796121,-4.996e-05,0.53985013,0.00398501,-3.997e-05,-1.819e-05,274,,0,0,0.00402498,"{""rule_extension_200dma"": 6.826e-05, ""rule_return_63d"": -4.996e-05, ""rule_rsi_14"": 53.84796121}",0
2021-07-01,QQQ,rule_signal,,,,,,,,0.12891676,74.03533564,0.09242998,0.62915896,0.0129159,0.02828778,0.02164794,295,,1,1,-0.01537189,"{""rule_extension_200dma"": 0.12891676, ""rule_return_63d"": 0.09242998, ""rule_rsi_14"": 74.03533564}",0
2021-07-01,GLD,rule_signal,,,,,,,,-0.03253355,22.61767741,0.02605261,0.63331264,0.01333126,0.02051747,0.01818522,295,,1,1,-0.00718621,"{""rule_extension_200dma"": -0.03253355, ""rule_return_63d"": 0.02605261, ""rule_rsi_14"": 22.61767741}",0
2021-07-01,SGOV,rule_signal,,,,,,,,2.264e-05,46.87723059,-3.997e-05,0.5398801,0.00398801,-6.003e-05,2.376e-05,295,,0,1,0.00404804,"{""rule_extension_200dma"": 2.264e-05, ""rule_return_63d"": -3.997e-05, ""rule_rsi_14"": 46.87723059}",0
2021-08-02,QQQ,rule_signal,,,,,,,,0.12880639,53.52521649,0.0845058,0.66744436,0.01674444,0.0438288,0.01608985,317,,1,1,-0.02708436,"{""rule_extension_200dma"": 0.12880639, ""rule_return_63d"": 0.0845058, ""rule_rsi_14"": 53.52521649}",0
2021-08-02,GLD,rule_signal,,,,,,,,-0.00694744,51.87680179,0.01072644,0.56098171,0.00609817,0.00053061,-0.01471826,317,,1,0,0.00556756,"{""rule_extension_200dma"": -0.00694744, ""rule_return_63d"": 0.01072644, ""rule_rsi_14"": 51.87680179}",0
2021-08-02,SGOV,rule_signal,,,,,,,,-4.524e-05,42.64557398,-0.00014995,0.53955015,0.00395502,0.00010001,8.181e-05,317,,1,1,0.00385501,"{""rule_extension_200dma"": -4.524e-05, ""rule_return_63d"": -0.00014995, ""rule_rsi_14"": 42.64557398}",0
2021-09-01,QQQ,rule_signal,,,,,,,,0.14447479,70.40975876,0.15327269,0.65225975,0.01522597,-0.05360238,-0.02178502,338,,0,0,0.06882836,"{""rule_extension_200dma"": 0.14447479, ""rule_return_63d"": 0.15327269, ""rule_rsi_14"": 70.40975876}",0
2021-09-01,GLD,rule_signal,,,,,,,,0.00067634,75.0,-0.03177958,0.38492871,-0.01150713,-0.03011197,-0.02299855,338,,0,0,0.01860484,"{""rule_extension_200dma"": 0.00067634, ""rule_return_63d"": -0.03177958, ""rule_rsi_14"": 75.0}",0
2021-09-01,SGOV,rule_signal,,,,,,,,4.776e-05,55.55555556,5.004e-05,0.54015012,0.00401501,-0.0001,-6.2e-06,338,,0,0,0.00411501,"{""rule_extension_200dma"": 4.776e-05, ""rule_return_63d"": 5.004e-05, ""rule_rsi_14"": 55.55555556}",0
2021-10-01,QQQ,rule_signal,,,,,,,,0.05876655,30.75086478,0.00429394,0.70943286,0.02094329,0.07565662,0.0278168,359,,1,1,-0.05471333,"{""rule_extension_200dma"": 0.05876655, ""rule_return_63d"": 0.00429394, ""rule_rsi_14"": 30.75086478}",0
2021-10-01,GLD,rule_signal,,,,,,,,-0.02532245,40.77323889,-0.01613962,0.58742768,0.00874277,0.01780186,0.01019852,359,,1,1,-0.00905909,"{""rule_extension_200dma"": -0.02532245, ""rule_return_63d"": -0.01613962, ""rule_rsi_14"": 40.77323889}",0
2021-10-01,SGOV,rule_signal,,,,,,,,-6.234e-05,42.18619928,-6.003e-05,0.53981991,0.00398199,4.997e-05,5.237e-05,359,,1,1,0.00393203,"{""rule_extension_200dma"": -6.234e-05, ""rule_return_63d"": -6.003e-05, ""rule_rsi_14"": 42.18619928}",0
2021-11-01,QQQ,rule_signal,,,,,,,,0.11877467,90.26859743,0.05621438,0.5075667,0.00075667,-0.00080014,0.02138269,380,,0,1,0.00155681,"{""rule_extension_200dma"": 0.11877467, ""rule_return_63d"": 0.05621438, ""rule_rsi_14"": 90.26859743}",0
2021-11-01,GLD,rule_signal,,,,,,,,-0.00177184,59.68835255,-0.01162311,0.53967716,0.00396772,-0.00811844,0.01488945,380,,0,1,0.01208615,"{""rule_extension_200dma"": -0.00177184, ""rule_return_63d"": -0.01162311, ""rule_rsi_14"": 59.68835255}",0
2021-11-01,SGOV,rule_signal,,,,,,,,-1.912e-05,50.0,-5.004e-05,0.53984989,0.00398499,-4.996e-05,1.953e-05,380,,0,1,0.00403495,"{""rule_extension_200dma"": -1.912e-05, ""rule_return_63d"": -5.004e-05, ""rule_rsi_14"": 50.0}",0
2021-12-01,QQQ,rule_signal,,,,,,,,0.09530266,47.6600604,0.01718432,0.66733846,0.01673385,0.02771753,0.01645486,401,,1,1,-0.01098369,"{""rule_extension_200dma"": 0.09530266, ""rule_return_63d"": 0.01718432, ""rule_rsi_14"": 47.6600604}",0
2021-12-01,GLD,rule_signal,,,,,,,,-0.00865722,25.15996232,-0.0208603,0.61044678,0.01104468,0.02888784,0.00816194,401,,1,1,-0.01784316,"{""rule_extension_200dma"": -0.00865722, ""rule_return_63d"": -0.0208603, ""rule_rsi_14"": 25.15996232}",0
2021-12-01,SGOV,rule_signal,,,,,,,,-7.663e-05,38.46244257,-0.0001,0.53970001,0.00397,0.00010001,5.046e-05,401,,1,1,0.00386999,"{""rule_extension_200dma"": -7.663e-05, ""rule_return_63d"": -0.0001, ""rule_rsi_14"": 38.46244257}",0
2022-01-03,QQQ,rule_signal,,,,,,,,0.10980852,57.65603809,0.13912994,0.68495042,0.01849504,-0.08262797,-0.08254734,423,,0,0,0.10112301,"{""rule_extension_200dma"": 0.10980852, ""rule_return_63d"": 0.13912994, ""rule_rsi_14"": 57.65603809}",0
2022-01-03,GLD,rule_signal,,,,,,,,0.00136259,54.90775473,0.01796082,0.55226545,0.00522654,0.00302973,0.00736364,423,,1,1,0.00219681,"{""rule_extension_200dma"": 0.00136259, ""rule_return_63d"": 0.01796082, ""rule_rsi_14"": 54.90775473}",0
2022-01-03,SGOV,rule_signal,,,,,,,,-2.797e-05,46.02905195,-1.007e-05,0.53996979,0.00399698,0.0,9.55e-06,423,,0,1,0.00399698,"{""rule_extension_200dma"": -2.797e-05, ""rule_return_63d"": -1.007e-05, ""rule_rsi_14"": 46.02905195}",0
2022-02-01,QQQ,rule_signal,,,,,,,,-0.00140455,37.33148572,-0.05655216,0.72603536,0.02260354,-0.06363531,-0.04315441,443,,0,0,0.08623885,"{""rule_extension_200dma"": -0.00140455, ""rule_return_63d"": -0.05655216, ""rule_rsi_14"": 37.33148572}",0
2022-02-01,GLD,rule_signal,,,,,,,,-0.0033647,42.41533517,0.00423825,0.57731918,0.00773192,0.07471918,0.03873385,443,,1,1,-0.06698726,"{""rule_extension_200dma"": -0.0033647, ""rule_return_63d"": 0.00423825, ""rule_rsi_14"": 42.41533517}",0
2022-02-01,SGOV,rule_signal,,,,,,,,4.475e-05,55.07519176,7.002e-05,0.54021007,0.00402101,-1.998e-05,-3.286e-05,443,,0,0,0.00404099,"{""rule_extension_200dma"": 4.475e-05, ""rule_return_63d"": 7.002e-05, ""rule_rsi_14"": 55.07519176}",0
2022-03-01,QQQ,rule_signal,,,,,,,,-0.07125495,39.72011377,-0.14561288,0.7145345,0.02145345,0.06164168,0.01052076,463,,1,1,-0.04018824,"{""rule_extension_200dma"": -0.07125495, ""rule_return_63d"": -0.14561288, ""rule_rsi_14"": 39.72011377}",0
2022-03-01,GLD,rule_signal,,,,,,,,0.07255417,78.39789864,0.09002521,0.36405861,-0.01359414,-0.00534083,0.00299579,463,,0,1,-0.00825331,"{""rule_extension_200dma"": 0.07255417, ""rule_return_63d"": 0.09002521, ""rule_rsi_14"": 78.39789864}",0
2022-03-01,SGOV,rule_signal,,,,,,,,7.568e-05,54.66476969,4.996e-05,0.54014988,0.00401499,0.00019998,1.818e-05,463,,1,1,0.00381501,"{""rule_extension_200dma"": 7.568e-05, ""rule_return_63d"": 4.996e-05, ""rule_rsi_14"": 54.66476969}",0
2022-04-01,QQQ,rule_signal,,,,,,,,-0.01942092,78.72172888,-0.09048636,0.52768364,0.00276836,-0.11985628,-0.06577865,484,,0,0,0.12262464,"{""rule_extension_200dma"": -0.01942092, ""rule_return_63d"": -0.09048636, ""rule_rsi_14"": 78.72172888}",0
2022-04-01,GLD,rule_signal,,,,,,,,0.05561752,43.08982278,0.04995316,0.55628545,0.00562854,-0.03270192,0.00423955,484,,0,1,0.03833047,"{""rule_extension_200dma"": 0.05561752, ""rule_return_63d"": 0.04995316, ""rule_rsi_14"": 43.08982278}",0
2022-04-01,SGOV,rule_signal,,,,,,,,6.678e-05,50.0,4.996e-05,0.54014988,0.00401499,0.0,8.349e-05,484,,0,1,0.00401499,"{""rule_extension_200dma"": 6.678e-05, ""rule_return_63d"": 4.996e-05, ""rule_rsi_14"": 50.0}",0
2022-05-02,QQQ,rule_signal,,,,,,,,-0.13290817,37.97617999,-0.1227654,0.74759761,0.02475976,-0.03918617,-0.05470482,505,,0,0,0.06394593,"{""rule_extension_200dma"": -0.13290817, ""rule_return_63d"": -0.1227654, ""rule_rsi_14"": 37.97617999}",0
2022-05-02,GLD,rule_signal,,,,,,,,0.01354746,26.5809525,0.03295859,0.60568552,0.01056855,-0.00806318,-0.00756949,505,,0,0,0.01863173,"{""rule_extension_200dma"": 0.01354746, ""rule_return_63d"": 0.03295859, ""rule_rsi_14"": 26.5809525}",0
2022-05-02,SGOV,rule_signal,,,,,,,,5.028e-05,50.0,4.996e-05,0.54014988,0.00401499,9.999e-05,0.00021186,505,,1,1,0.003915,"{""rule_extension_200dma"": 5.028e-05, ""rule_return_63d"": 4.996e-05, ""rule_rsi_14"": 50.0}",0
2022-06-01,QQQ,rule_signal,,,,,,,,-0.15119081,59.29132833,-0.11871436,0.7127841,0.02127841,-0.07800652,-0.05428571,526,,0,0,0.09928493,"{""rule_extension_200dma"": -0.15119081, ""rule_return_63d"": -0.11871436, ""rule_rsi_14"": 59.29132833}",0
2022-06-01,GLD,rule_signal,,,,,,,,0.00247634,48.12932692,-0.04172926,0.55636761,0.00563676,-0.02270213,-0.00671303,526,,0,0,0.02833889,"{""rule_extension_200dma"": 0.00247634, ""rule_return_63d"": -0.04172926, ""rule_rsi_14"": 48.12932692}",0
2022-06-01,SGOV,rule_signal,,,,,,,,0.00012203,50.0,0.0002,0.54060001,0.00406,0.0,0.00023561,526,,0,1,0.00406,"{""rule_extension_200dma"": 0.00012203, ""rule_return_63d"": 0.0002, ""rule_rsi_14"": 50.0}",0
2022-07-01,QQQ,rule_signal,,,,,,,,-0.19731228,45.40221448,-0.22179622,0.72062619,0.02206262,0.11746352,0.05406193,546,,1,1,-0.0954009,"{""rule_extension_200dma"": -0.19731228, ""rule_return_63d"": -0.22179622, ""rule_rsi_14"": 45.40221448}",0
2022-07-01,GLD,rule_signal,,,,,,,,-0.02195569,30.34133666,-0.06825346,0.59895937,0.00989594,-0.01954615,-0.04170335,546,,0,0,0.02944209,"{""rule_extension_200dma"": -0.02195569, ""rule_return_63d"": -0.06825346, ""rule_rsi_14"": 30.34133666}",0
2022-07-01,SGOV,rule_signal,,,,,,,,8.024e-05,47.91607209,-9.997e-05,0.53970009,0.00397001,-9.998e-05,0.00035485,546,,0,1,0.00406999,"{""rule_extension_200dma"": 8.024e-05, ""rule_return_63d"": -9.997e-05, ""rule_rsi_14"": 47.91607209}",0
2022-08-01,QQQ,rule_signal,,,,,,,,-0.08573854,73.58244529,0.00644849,0.67510057,0.01751006,-0.05075015,0.01265584,568,,0,1,0.06826021,"{""rule_extension_200dma"": -0.08573854, ""rule_return_63d"": 0.00644849, ""rule_rsi_14"": 73.58244529}",0
2022-08-01,GLD,rule_signal,,,,,,,,-0.03938812,65.39584951,-0.06715282,0.53686003,0.003686,-0.03490271,-0.00492747,568,,0,0,0.03858872,"{""rule_extension_200dma"": -0.03938812, ""rule_return_63d"": -0.06715282, ""rule_rsi_14"": 65.39584951}",0
2022-08-01,SGOV,rule_signal,,,,,,,,-7.273e-05,45.45391534,-0.00029981,0.53910058,0.00391006,0.00169947,0.00088838,568,,1,1,0.00221059,"{""rule_extension_200dma"": -7.273e-05, ""rule_return_63d"": -0.00029981, ""rule_rsi_14"": 45.45391534}",0
2022-09-01,QQQ,rule_signal,,,,,,,,-0.11214666,19.69485989,-0.04764938,0.80318433,0.03031843,-0.08640613,-0.03997516,590,,0,0,0.11672456,"{""rule_extension_200dma"": -0.11214666, ""rule_return_63d"": -0.04764938, ""rule_rsi_14"": 19.69485989}",0
2022-09-01,GLD,rule_signal,,,,,,,,-0.07812684,15.32596847,-0.09452257,0.65032676,0.01503268,0.00354721,-0.00913046,590,,1,0,0.01148547,"{""rule_extension_200dma"": -0.07812684, ""rule_return_63d"": -0.09452257, ""rule_rsi_14"": 15.32596847}",0
2022-09-01,SGOV,rule_signal,,,,,,,,0.00011832,43.33308011,9.99e-05,0.54029969,0.00402997,0.00059969,0.00099943,590,,1,1,0.00343028,"{""rule_extension_200dma"": 0.00011832, ""rule_return_63d"": 9.99e-05, ""rule_rsi_14"": 43.33308011}",0
2022-10-03,QQQ,rule_signal,,,,,,,,-0.1607648,30.59453853,-0.04680092,0.79869828,0.02986983,-0.02869889,-0.00233312,612,,0,0,0.05856871,"{""rule_extension_200dma"": -0.1607648, ""rule_return_63d"": -0.04680092, ""rule_rsi_14"": 30.59453853}",0
2022-10-03,GLD,rule_signal,,,,,,,,-0.06832576,49.6939324,-0.0383612,0.58560455,0.00856045,-0.03812405,-0.02300122,612,,0,0,0.04668451,"{""rule_extension_200dma"": -0.06832576, ""rule_return_63d"": -0.0383612, ""rule_rsi_14"": 49.6939324}",0
2022-10-03,SGOV,rule_signal,,,,,,,,0.00057127,48.38789172,0.00069965,0.54209894,0.00420989,-0.0001998,0.00086257,612,,0,1,0.0044097,"{""rule_extension_200dma"": 0.00057127, ""rule_return_63d"": 0.00069965, ""rule_rsi_14"": 48.38789172}",0
2022-11-01,QQQ,rule_signal,,,,,,,,-0.12285978,59.12085347,-0.14797617,0.69296756,0.01929676,0.06764573,0.01878735,632,,1,1,-0.04834897,"{""rule_extension_200dma"": -0.12285978, ""rule_return_63d"": -0.14797617, ""rule_rsi_14"": 59.12085347}",0
2022-11-01,GLD,rule_signal,,,,,,,,-0.08971272,41.69403494,-0.06682877,0.60695834,0.01069583,0.09370513,0.05269244,632,,1,1,-0.08300929,"{""rule_extension_200dma"": -0.08971272, ""rule_return_63d"": -0.06682877, ""rule_rsi_14"": 41.69403494}",0
2022-11-01,SGOV,rule_signal,,,,,,,,-2.971e-05,40.47558461,0.00029984,0.54089951,0.00408995,0.00049955,0.00157967,632,,1,1,0.0035904,"{""rule_extension_200dma"": -2.971e-05, ""rule_return_63d"": 0.00029984, ""rule_rsi_14"": 40.47558461}",0
2022-12-01,QQQ,rule_signal,,,,,,,,-0.03902638,61.54008153,-0.01897125,0.70393913,0.02039391,-0.09955056,-0.06164115,653,,0,0,0.11994447,"{""rule_extension_200dma"": -0.03902638, ""rule_return_63d"": -0.01897125, ""rule_rsi_14"": 61.54008153}",0
2022-12-01,GLD,rule_signal,,,,,,,,0.00115629,65.37375942,0.06315324,0.53820514,0.00382051,0.01918495,-0.00269813,653,,1,0,-0.01536443,"{""rule_extension_200dma"": 0.00115629, ""rule_return_63d"": 0.06315324, ""rule_rsi_14"": 65.37375942}",0
2022-12-01,SGOV,rule_signal,,,,,,,,0.00024257,40.4762776,0.00069958,0.54209873,0.00420987,0.00029967,-6.655e-05,653,,1,0,0.0039102,"{""rule_extension_200dma"": 0.00024257, ""rule_return_63d"": 0.00069958, ""rule_rsi_14"": 40.4762776}",0
2023-01-03,QQQ,rule_signal,,,,,,,,-0.1159807,28.44299056,-0.03308591,0.7921272,0.02921272,0.1786146,0.07065431,674,,1,1,-0.14940188,"{""rule_extension_200dma"": -0.1159807, ""rule_return_63d"": -0.03308591, ""rule_rsi_14"": 28.44299056}",0
2023-01-03,GLD,rule_signal,,,,,,,,0.029114,64.30855612,0.07971978,0.53023956,0.00302396,0.03998595,0.03752514,674,,1,1,-0.03696199,"{""rule_extension_200dma"": 0.029114, ""rule_return_63d"": 0.07971978, ""rule_rsi_14"": 64.30855612}",0
2023-01-03,SGOV,rule_signal,,,,,,,,0.00044167,40.81680308,0.00039953,0.54119859,0.00411986,-0.00029958,0.00131214,674,,0,1,0.00441944,"{""rule_extension_200dma"": 0.00044167, ""rule_return_63d"": 0.00039953, ""rule_rsi_14"": 40.81680308}",0
2023-02-01,QQQ,rule_signal,,,,,,,,0.03122588,73.09744923,0.08264076,0.66180031,0.01618003,-0.00412077,-0.00133721,694,,0,0,0.0203008,"{""rule_extension_200dma"": 0.03122588, ""rule_return_63d"": 0.08264076, ""rule_rsi_14"": 73.09744923}",0
2023-02-01,GLD,rule_signal,,,,,,,,0.09532795,71.61250004,0.19590543,0.38326324,-0.01167368,-0.05053114,-0.05405404,694,,0,0,0.03885747,"{""rule_extension_200dma"": 0.09532795, ""rule_return_63d"": 0.19590543, ""rule_rsi_14"": 71.61250004}",0
2023-02-01,SGOV,rule_signal,,,,,,,,-0.0006226,40.00023508,-0.00229285,0.53312145,0.00331215,0.00139887,0.00177476,694,,1,1,0.00191327,"{""rule_extension_200dma"": -0.0006226, ""rule_return_63d"": -0.00229285, ""rule_rsi_14"": 40.00023508}",0
2023-03-01,QQQ,rule_signal,,,,,,,,0.0038145,34.21999871,0.03003085,0.76073572,0.02607357,0.10209471,0.04210159,714,,1,1,-0.07602114,"{""rule_extension_200dma"": 0.0038145, ""rule_return_63d"": 0.03003085, ""rule_rsi_14"": 34.21999871}",0
2023-03-01,GLD,rule_signal,,,,,,,,0.0323919,32.46871655,0.05452975,0.58866567,0.00886657,0.07296795,0.04442176,714,,1,1,-0.06410138,"{""rule_extension_200dma"": 0.0323919, ""rule_return_63d"": 0.05452975, ""rule_rsi_14"": 32.46871655}",0
2023-03-01,SGOV,rule_signal,,,,,,,,-3.266e-05,49.09138801,-0.0019928,0.53402161,0.00340216,0.00419327,0.00235982,714,,1,1,-0.00079111,"{""rule_extension_200dma"": -3.266e-05, ""rule_return_63d"": -0.0019928, ""rule_rsi_14"": 49.09138801}",0
2023-04-03,QQQ,rule_signal,,,,,,,,0.10061337,76.35350065,0.20230583,0.59288536,0.00928854,-0.00893327,-0.00844097,736,,0,0,0.0182218,"{""rule_extension_200dma"": 0.10061337, ""rule_return_63d"": 0.20230583, ""rule_rsi_14"": 76.35350065}",0
2023-04-03,GLD,rule_signal,,,,,,,,0.11044281,64.84403369,0.08783302,0.37378762,-0.01262124,0.02476432,0.00891539,736,,1,1,-0.03738556,"{""rule_extension_200dma"": 0.11044281, ""rule_return_63d"": 0.08783302, ""rule_rsi_14"": 64.84403369}",0
2023-04-03,SGOV,rule_signal,,,,,,,,0.00027972,40.6253728,0.00089878,0.54269634,0.00426963,-0.00029938,0.00167231,736,,0,1,0.00456901,"{""rule_extension_200dma"": 0.00027972, ""rule_return_63d"": 0.00089878, ""rule_rsi_14"": 40.6253728}",0
2023-05-01,QQQ,rule_signal,,,,,,,,0.09619756,59.85134469,0.10996663,0.67511648,0.01751165,0.08007693,0.02646029,755,,1,1,-0.06256529,"{""rule_extension_200dma"": 0.09619756, ""rule_return_63d"": 0.10996663, ""rule_rsi_14"": 59.85134469}",0
2023-05-01,GLD,rule_signal,,,,,,,,0.0949357,42.40631539,0.02914526,0.53683809,0.00368381,-0.00896882,0.00683858,755,,0,1,0.01265263,"{""rule_extension_200dma"": 0.0949357, ""rule_return_63d"": 0.02914526, ""rule_rsi_14"": 42.40631539}",0
2023-05-01,SGOV,rule_signal,,,,,,,,-0.00054896,37.70465195,-0.00278717,0.5316385,0.00316385,0.00409259,0.002139,755,,1,1,-0.00092874,"{""rule_extension_200dma"": -0.00054896, ""rule_return_63d"": -0.00278717, ""rule_rsi_14"": 37.70465195}",0
2023-06-01,QQQ,rule_signal,,,,,,,,0.18898902,78.2817886,0.1989034,0.55690645,0.00569065,0.05193034,0.02753842,777,,1,1,-0.04623969,"{""rule_extension_200dma"": 0.18898902, ""rule_return_63d"": 0.1989034, ""rule_rsi_14"": 78.2817886}",0
2023-06-01,GLD,rule_signal,,,,,,,,0.07826451,39.00844759,0.07676076,0.55827819,0.00582782,-0.02878751,-0.02064025,777,,0,0,0.03461533,"{""rule_extension_200dma"": 0.07826451, ""rule_return_63d"": 0.07676076, ""rule_rsi_14"": 39.00844759}",0
2023-06-01,SGOV,rule_signal,,,,,,,,-0.00038593,39.34409833,0.00019962,0.54059887,0.00405989,0.0002993,0.00195737,777,,1,1,0.00376059,"{""rule_extension_200dma"": -0.00038593, ""rule_return_63d"": 0.00019962, ""rule_rsi_14"": 39.34409833}",0
2023-07-03,QQQ,rule_signal,,,,,,,,0.22767752,60.89856936,0.15380306,0.5623468,0.00623468,0.01107242,0.01714741,798,,1,1,-0.00483774,"{""rule_extension_200dma"": 0.22767752, ""rule_return_63d"": 0.15380306, ""rule_rsi_14"": 60.89856936}",0
2023-07-03,GLD,rule_signal,,,,,,,,0.0351731,33.77735255,-0.02592512,0.57272863,0.00727286,0.00633162,0.014691,798,,1,1,0.00094124,"{""rule_extension_200dma"": 0.0351731, ""rule_return_63d"": -0.02592512, ""rule_rsi_14"": 33.77735255}",0
2023-07-03,SGOV,rule_signal,,,,,,,,-0.00039579,42.18751882,-0.00318154,0.53045537,0.00304554,-0.00029921,0.00167182,798,,0,1,0.00334475,"{""rule_extension_200dma"": -0.00039579, ""rule_return_63d"": -0.00318154, ""rule_rsi_14"": 42.18751882}",0
2023-08-01,QQQ,rule_signal,,,,,,,,0.22860164,63.6763003,0.18808779,0.56846755,0.00684676,-0.01253956,-0.03766606,819,,0,0,0.01938632,"{""rule_extension_200dma"": 0.22860164, ""rule_return_63d"": 0.18808779, ""rule_rsi_14"": 63.6763003}",0
2023-08-01,GLD,rule_signal,,,,,,,,0.03154487,44.8625331,-0.01907917,0.55321787,0.00532179,-0.00243823,-0.01408525,819,,0,0,0.00776001,"{""rule_extension_200dma"": 0.03154487, ""rule_return_63d"": -0.01907917, ""rule_rsi_14"": 44.8625331}",0
2023-08-01,SGOV,rule_signal,,,,,,,,-0.00124648,38.23516237,0.00019961,0.54059882,0.00405988,0.00469063,0.00244515,819,,1,1,-0.00063075,"{""rule_extension_200dma"": -0.00124648, ""rule_return_63d"": 0.00019961, ""rule_rsi_14"": 38.23516237}",0
2023-09-01,QQQ,rule_signal,,,,,,,,0.17056236,57.3428002,0.0646835,0.6382568,0.01382568,-0.04324793,-0.02847797,840,,0,0,0.05707361,"{""rule_extension_200dma"": 0.17056236, ""rule_return_63d"": 0.0646835, ""rule_rsi_14"": 57.3428002}",0
2023-09-01,GLD,rule_signal,,,,,,,,0.01451047,69.7795097,-0.00519195,0.51313248,0.00131325,-0.05807566,-0.01779468,840,,0,0,0.05938891,"{""rule_extension_200dma"": 0.01451047, ""rule_return_63d"": -0.00519195, ""rule_rsi_14"": 69.7795097}",0
2023-09-01,SGOV,rule_signal,,,,,,,,-0.00080521,40.29811604,0.00039902,0.54119705,0.0041197,0.0,0.00192484,840,,0,1,0.0041197,"{""rule_extension_200dma"": -0.00080521, ""rule_return_63d"": 0.00039902, ""rule_rsi_14"": 40.29811604}",0
2023-10-02,QQQ,rule_signal,,,,,,,,0.09257344,34.86479407,-0.02438629,0.67933451,0.01793345,-0.01190284,-0.0052078,862,,0,0,0.02983629,"{""rule_extension_200dma"": 0.09257344, ""rule_return_63d"": -0.02438629, ""rule_rsi_14"": 34.86479407}",0
2023-10-02,GLD,rule_signal,,,,,,,,-0.05089452,21.71713115,-0.04942011,0.63205526,0.01320553,0.08169762,0.05145892,862,,1,1,-0.06849209,"{""rule_extension_200dma"": -0.05089452, ""rule_return_63d"": -0.04942011, ""rule_rsi_14"": 21.71713115}",0
2023-10-02,SGOV,rule_signal,,,,,,,,-0.00101327,42.02896961,9.969e-05,0.54029906,0.00402991,0.0001995,0.00218051,862,,1,1,0.0038304,"{""rule_extension_200dma"": -0.00101327, ""rule_return_63d"": 9.969e-05, ""rule_rsi_14"": 42.02896961}",0
2023-11-01,QQQ,rule_signal,,,,,,,,0.04876493,38.60080433,-0.04502533,0.7099718,0.02099718,0.09239134,0.07005856,883,,1,1,-0.07139416,"{""rule_extension_200dma"": 0.04876493, ""rule_return_63d"": -0.04502533, ""rule_rsi_14"": 38.60080433}",0
2023-11-01,GLD,rule_signal,,,,,,,,0.02188807,77.62805052,0.02211207,0.37821108,-0.01217889,0.046319,0.0051042,883,,1,1,-0.0584979,"{""rule_extension_200dma"": 0.02188807, ""rule_return_63d"": 0.02211207, ""rule_rsi_14"": 77.62805052}",0
2023-11-01,SGOV,rule_signal,,,,,,,,-0.00120106,37.87901573,0.00029921,0.54089763,0.00408976,0.00029912,0.00215565,883,,1,1,0.00379064,"{""rule_extension_200dma"": -0.00120106, ""rule_return_63d"": 0.00029921, ""rule_rsi_14"": 37.87901573}",0
2023-12-01,QQQ,rule_signal,,,,,,,,0.11634491,75.16335873,0.03270745,0.53040017,0.00304002,0.03244087,0.02954043,903,,1,1,-0.02940086,"{""rule_extension_200dma"": 0.11634491, ""rule_return_63d"": 0.03270745, ""rule_rsi_14"": 75.16335873}",0
2023-12-01,GLD,rule_signal,,,,,,,,0.06443071,86.21087176,0.0660707,0.34849504,-0.0151505,-0.00671837,-0.01840266,903,,0,0,-0.00843213,"{""rule_extension_200dma"": 0.06443071, ""rule_return_63d"": 0.0660707, ""rule_rsi_14"": 86.21087176}",0
2023-12-01,SGOV,rule_signal,,,,,,,,-0.00113955,42.25355078,0.00049868,0.54149605,0.00414961,-0.00029903,-0.00064294,903,,0,0,0.00444864,"{""rule_extension_200dma"": -0.00113955, ""rule_return_63d"": 0.00049868, ""rule_rsi_14"": 42.25355078}",0
2024-01-02,QQQ,rule_signal,,,,,,,,0.11882269,59.36424812,0.1144051,0.66972535,0.01697253,0.04791477,0.02832612,924,,1,1,-0.03094224,"{""rule_extension_200dma"": 0.11882269, ""rule_return_63d"": 0.1144051, ""rule_rsi_14"": 59.36424812}",0
2024-01-02,GLD,rule_signal,,,,,,,,0.04763004,71.48890766,0.12419692,0.3942182,-0.01057818,-0.00162541,-0.01395465,924,,0,0,-0.00895277,"{""rule_extension_200dma"": 0.04763004, ""rule_return_63d"": 0.12419692, ""rule_rsi_14"": 71.48890766}",0
2024-01-02,SGOV,rule_signal,,,,,,,,-0.00138058,39.39379935,0.0001995,0.54059851,0.00405985,0.00019939,0.00228384,924,,1,1,0.00386046,"{""rule_extension_200dma"": -0.00138058, ""rule_return_63d"": 0.0001995, ""rule_rsi_14"": 39.39379935}",0
2024-02-01,QQQ,rule_signal,,,,,,,,0.1391319,64.02506718,0.20238268,0.68408764,0.01840876,0.05247934,0.02883012,945,,1,1,-0.03407058,"{""rule_extension_200dma"": 0.1391319, ""rule_return_63d"": 0.20238268, ""rule_rsi_14"": 64.02506718}",0
2024-02-01,GLD,rule_signal,,,,,,,,0.04403269,58.27902248,0.03433107,0.5287769,0.00287769,0.02941017,-0.01188165,945,,1,0,-0.02653248,"{""rule_extension_200dma"": 0.04403269, ""rule_return_63d"": 0.03433107, ""rule_rsi_14"": 58.27902248}",0
2024-02-01,SGOV,rule_signal,,,,,,,,-0.0012819,36.50741708,-0.00387288,0.52838135,0.00283813,0.00019942,0.00178496,945,,1,1,0.00263871,"{""rule_extension_200dma"": -0.0012819, ""rule_return_63d"": -0.00387288, ""rule_rsi_14"": 36.50741708}",0
2024-03-01,QQQ,rule_signal,,,,,,,,0.16737808,58.38227331,0.14314663,0.66475444,0.01647544,-0.00148106,-0.00904038,964,,0,0,0.0179565,"{""rule_extension_200dma"": 0.16737808, ""rule_return_63d"": 0.14314663, ""rule_rsi_14"": 58.38227331}",0
2024-03-01,GLD,rule_signal,,,,,,,,0.05695902,70.51975772,0.0176744,0.37598009,-0.01240199,0.07740167,0.04210173,964,,1,1,-0.08980366,"{""rule_extension_200dma"": 0.05695902, ""rule_return_63d"": 0.0176744, ""rule_rsi_14"": 70.51975772}",0
2024-03-01,SGOV,rule_signal,,,,,,,,-0.00129368,41.53833444,-0.00377356,0.52867933,0.00286793,-0.00029903,0.00183413,964,,0,1,0.00316696,"{""rule_extension_200dma"": -0.00129368, ""rule_return_63d"": -0.00377356, ""rule_rsi_14"": 41.53833444}",0
2024-04-01,QQQ,rule_signal,,,,,,,,0.13713704,60.86208833,0.08181382,0.6489127,0.01489127,-0.05265765,-0.03006163,986,,0,0,0.06754892,"{""rule_extension_200dma"": 0.13713704, ""rule_return_63d"": 0.08181382, ""rule_rsi_14"": 60.86208833}",0
2024-04-01,GLD,rule_signal,,,,,,,,0.12718412,66.8014293,0.085392,0.36197309,-0.01380269,0.02872671,0.04100135,986,,1,1,-0.04252941,"{""rule_extension_200dma"": 0.12718412, ""rule_return_63d"": 0.085392, ""rule_rsi_14"": 66.8014293}",0
2024-04-01,SGOV,rule_signal,,,,,,,,-0.00169121,39.13024272,0.00029921,0.54089763,0.00408976,0.00019939,0.00215737,986,,1,1,0.00389037,"{""rule_extension_200dma"": -0.00169121, ""rule_return_63d"": 0.00029921, ""rule_rsi_14"": 39.13024272}",0
2024-05-01,QQQ,rule_signal,,,,,,,,0.05844071,31.43969277,0.01091203,0.71048558,0.02104856,0.06924939,0.06283724,1007,,1,1,-0.04820083,"{""rule_extension_200dma"": 0.05844071, ""rule_return_63d"": 0.01091203, ""rule_rsi_14"": 31.43969277}",0
2024-05-01,GLD,rule_signal,,,,,,,,0.13452103,38.14594021,0.13446536,0.42334346,-0.00766565,0.00706305,0.01800614,1007,,1,1,-0.01472871,"{""rule_extension_200dma"": 0.13452103, ""rule_return_63d"": 0.13446536, ""rule_rsi_14"": 38.14594021}",0
2024-05-01,SGOV,rule_signal,,,,,,,,-0.00156521,37.09637747,-0.00397182,0.52808455,0.00280846,0.00438643,0.00228343,1007,,1,1,-0.00157797,"{""rule_extension_200dma"": -0.00156521, ""rule_return_63d"": -0.00397182, ""rule_rsi_14"": 37.09637747}",0
2024-06-03,QQQ,rule_signal,,,,,,,,0.11528465,64.54418341,0.02051713,0.627743,0.0127743,0.08366253,0.05020107,1029,,1,1,-0.07088823,"{""rule_extension_200dma"": 0.11528465, ""rule_return_63d"": 0.02051713, ""rule_rsi_14"": 64.54418341}",0
2024-06-03,GLD,rule_signal,,,,,,,,0.12808127,51.78042743,0.1082088,0.39503389,-0.01049661,0.00354481,-0.00909326,1029,,1,0,-0.01404142,"{""rule_extension_200dma"": 0.12808127, ""rule_return_63d"": 0.1082088, ""rule_rsi_14"": 51.78042743}",0
2024-06-03,SGOV,rule_signal,,,,,,,,-0.00148586,39.13024215,0.0,0.54,0.004,0.00019931,0.00168016,1029,,1,1,0.00380069,"{""rule_extension_200dma"": -0.00148586, ""rule_return_63d"": 0.0, ""rule_rsi_14"": 39.13024215}",0
2024-07-01,QQQ,rule_signal,,,,,,,,0.15790683,69.16350815,0.08308799,0.62548639,0.01254864,-0.02251412,0.00076378,1048,,0,1,0.03506276,"{""rule_extension_200dma"": 0.15790683, ""rule_return_63d"": 0.08308799, ""rule_rsi_14"": 69.16350815}",0
2024-07-01,GLD,rule_signal,,,,,,,,0.09933937,54.92004859,0.03729189,0.51105097,0.0011051,0.05093471,0.02901938,1048,,1,1,-0.04982961,"{""rule_extension_200dma"": 0.09933937, ""rule_return_63d"": 0.03729189, ""rule_rsi_14"": 54.92004859}",0
2024-07-01,SGOV,rule_signal,,,,,,,,-0.00173214,41.17627215,0.00019939,0.54059816,0.00405982,0.00408737,0.00226443,1048,,1,1,-2.755e-05,"{""rule_extension_200dma"": -0.00173214, ""rule_return_63d"": 0.00019939, ""rule_rsi_14"": 41.17627215}",0
2024-08-01,QQQ,rule_signal,,,,,,,,0.07106146,30.61742718,0.0904821,0.73556237,0.02355624,0.00467736,0.01004596,1071,,1,1,0.01887888,"{""rule_extension_200dma"": 0.07106146, ""rule_return_63d"": 0.0904821, ""rule_rsi_14"": 30.61742718}",0
2024-08-01,GLD,rule_signal,,,,,,,,0.12151531,55.02646356,0.05603635,0.38367064,-0.01163294,0.02002033,0.01254492,1071,,1,1,-0.03165326,"{""rule_extension_200dma"": 0.12151531, ""rule_return_63d"": 0.05603635, ""rule_rsi_14"": 55.02646356}",0
2024-08-01,SGOV,rule_signal,,,,,,,,-0.00190113,34.37522339,-9.964e-05,0.53970109,0.00397011,0.00039874,0.0022523,1071,,1,1,0.00357137,"{""rule_extension_200dma"": -0.00190113, ""rule_return_63d"": -9.964e-05, ""rule_rsi_14"": 34.37522339}",0
2024-09-03,QQQ,rule_signal,,,,,,,,0.04881696,49.42529521,0.01915563,0.71076794,0.02107679,0.04283147,0.02835877,1093,,1,1,-0.02175467,"{""rule_extension_200dma"": 0.04881696, ""rule_return_63d"": 0.01915563, ""rule_rsi_14"": 49.42529521}",0
2024-09-03,GLD,rule_signal,,,,,,,,0.11587314,55.18844112,0.06016938,0.38650561,-0.01134944,0.06600379,0.03902198,1093,,1,1,-0.07735323,"{""rule_extension_200dma"": 0.11587314, ""rule_return_63d"": 0.06016938, ""rule_rsi_14"": 55.18844112}",0
2024-09-03,SGOV,rule_signal,,,,,,,,-0.00153495,39.39334361,9.962e-05,0.54029885,0.00402988,0.0,0.00179846,1093,,0,1,0.00402988,"{""rule_extension_200dma"": -0.00153495, ""rule_return_63d"": 9.962e-05, ""rule_rsi_14"": 39.39334361}",0
2024-10-01,QQQ,rule_signal,,,,,,,,0.07254072,65.1207243,-0.01172537,0.63026542,0.01302654,0.00536085,0.02092666,1113,,1,1,0.00766569,"{""rule_extension_200dma"": 0.07254072, ""rule_return_63d"": -0.01172537, ""rule_rsi_14"": 65.1207243}",0
2024-10-01,GLD,rule_signal,,,,,,,,0.16065237,73.67114247,0.13940436,0.3412748,-0.01587252,0.03216479,0.01281041,1113,,1,1,-0.04803731,"{""rule_extension_200dma"": 0.16065237, ""rule_return_63d"": 0.13940436, ""rule_rsi_14"": 73.67114247}",0
2024-10-01,SGOV,rule_signal,,,,,,,,-0.00166123,40.90951102,9.97e-05,0.54029911,0.00402991,0.00368778,0.00192997,1113,,1,1,0.00034213,"{""rule_extension_200dma"": -0.00166123, ""rule_return_63d"": 9.97e-05, ""rule_rsi_14"": 40.90951102}",0
2024-11-01,QQQ,rule_signal,,,,,,,,0.06319362,40.13711095,0.11957645,0.72945977,0.02294598,0.0571569,0.03803522,1134,,1,1,-0.03421092,"{""rule_extension_200dma"": 0.06319362, ""rule_return_63d"": 0.11957645, ""rule_rsi_14"": 40.13711095}",0
2024-11-01,GLD,rule_signal,,,,,,,,0.15547229,65.62499195,0.13479866,0.35900729,-0.01409927,-0.03576662,-0.03228701,1134,,0,0,0.02166735,"{""rule_extension_200dma"": 0.15547229, ""rule_return_63d"": 0.13479866, ""rule_rsi_14"": 65.62499195}",0
2024-11-01,SGOV,rule_signal,,,,,,,,-0.00181803,37.93030861,-0.00019933,0.53940202,0.0039402,-0.00019929,0.0015398,1134,,0,1,0.00413949,"{""rule_extension_200dma"": -0.00181803, ""rule_return_63d"": -0.00019933, ""rule_rsi_14"": 37.93030861}",0
2024-12-02,QQQ,rule_signal,,,,,,,,0.1050862,51.62587159,0.11580516,0.69049989,0.01904999,-0.00981965,0.01502532,1155,,0,1,0.02886964,"{""rule_extension_200dma"": 0.1050862, ""rule_return_63d"": 0.11580516, ""rule_rsi_14"": 51.62587159}",0
2024-12-02,GLD,rule_signal,,,,,,,,0.08591457,52.068751,0.05710196,0.52576624,0.00257662,0.0081334,0.00068071,1155,,1,1,-0.00555678,"{""rule_extension_200dma"": 0.08591457, ""rule_return_63d"": 0.05710196, ""rule_rsi_14"": 52.068751}",0
2024-12-02,SGOV,rule_signal,,,,,,,,-0.00200008,40.9835649,-0.00019929,0.53940213,0.00394021,0.00019933,0.00024209,1155,,1,1,0.00374088,"{""rule_extension_200dma"": -0.00200008, ""rule_return_63d"": -0.00019929, ""rule_rsi_14"": 40.9835649}",0
2025-01-02,QQQ,rule_signal,,,,,,,,0.0735581,36.80473949,0.05867828,0.71118258,0.02111826,0.01544396,0.0173647,1175,,1,1,0.00567429,"{""rule_extension_200dma"": 0.0735581, ""rule_return_63d"": 0.05867828, ""rule_rsi_14"": 36.80473949}",0
2025-01-02,GLD,rule_signal,,,,,,,,0.07004891,39.42748185,-0.00097698,0.54947648,0.00494765,0.0591639,0.02335385,1175,,1,1,-0.05421625,"{""rule_extension_200dma"": 0.07004891, ""rule_return_63d"": -0.00097698, ""rule_rsi_14"": 39.42748185}",0
2025-01-02,SGOV,rule_signal,,,,,,,,-0.00163281,41.66603138,9.962e-05,0.54029885,0.00402988,0.0,0.00176404,1175,,0,1,0.00402988,"{""rule_extension_200dma"": -0.00163281, ""rule_return_63d"": 9.962e-05, ""rule_rsi_14"": 41.66603138}",0
2025-02-03,QQQ,rule_signal,,,,,,,,0.07254348,59.03527474,0.04377691,0.66186115,0.01618611,-0.03107444,0.00699615,1196,,0,1,0.04726055,"{""rule_extension_200dma"": 0.07254348, ""rule_return_63d"": 0.04377691, ""rule_rsi_14"": 59.03527474}",0
2025-02-03,GLD,rule_signal,,,,,,,,0.11343965,78.55999888,0.00947574,0.33325352,-0.01667465,0.03723933,0.02967899,1196,,1,1,-0.05391398,"{""rule_extension_200dma"": 0.11343965, ""rule_return_63d"": 0.00947574, ""rule_rsi_14"": 78.55999888}",0
2025-02-03,SGOV,rule_signal,,,,,,,,-0.00165516,38.1814403,-0.00337708,0.52986877,0.00298688,0.00029905,0.00140478,1196,,1,1,0.00268783,"{""rule_extension_200dma"": -0.00165516, ""rule_return_63d"": -0.00337708, ""rule_rsi_14"": 38.1814403}",0
2025-03-03,QQQ,rule_signal,,,,,,,,0.0103215,28.10717408,-0.0240718,0.751748,0.0251748,-0.04204807,-0.03229688,1216,,0,0,0.06722287,"{""rule_extension_200dma"": 0.0103215, ""rule_return_63d"": -0.0240718, ""rule_rsi_14"": 28.10717408}",0
2025-03-03,GLD,rule_signal,,,,,,,,0.11906755,47.04387366,0.09792136,0.40702006,-0.00929799,0.08030297,0.03814409,1216,,1,1,-0.08960096,"{""rule_extension_200dma"": 0.11906755, ""rule_return_63d"": 0.09792136, ""rule_rsi_14"": 47.04387366}",0
2025-03-03,SGOV,rule_signal,,,,,,,,-0.00143178,43.13731311,-0.002584,0.532248,0.0032248,0.0,0.00146291,1216,,0,1,0.0032248,"{""rule_extension_200dma"": -0.00143178, ""rule_return_63d"": -0.002584, ""rule_rsi_14"": 43.13731311}",0
2025-04-01,QQQ,rule_signal,,,,,,,,-0.04405456,47.41864246,-0.09541485,0.70718661,0.02071866,0.01899721,-0.039287,1236,,1,0,0.00172145,"{""rule_extension_200dma"": -0.04405456, ""rule_return_63d"": -0.09541485, ""rule_rsi_14"": 47.41864246}",0
2025-04-01,GLD,rule_signal,,,,,,,,0.17609268,82.45482402,0.19125938,0.32453755,-0.01754624,0.03439157,0.034279,1236,,1,1,-0.05193781,"{""rule_extension_200dma"": 0.17609268, ""rule_return_63d"": 0.19125938, ""rule_rsi_14"": 82.45482402}",0
2025-04-01,SGOV,rule_signal,,,,,,,,-0.00150994,40.74089726,0.00059824,0.54179472,0.00417947,0.00019935,0.00166562,1236,,1,1,0.00398013,"{""rule_extension_200dma"": -0.00150994, ""rule_return_63d"": 0.00059824, ""rule_rsi_14"": 40.74089726}",0
2025-05-01,QQQ,rule_signal,,,,,,,,-0.01912392,70.71662175,-0.07909377,0.62757731,0.01275773,0.08621913,0.05578393,1257,,1,1,-0.0734614,"{""rule_extension_200dma"": -0.01912392, ""rule_return_63d"": -0.07909377, ""rule_rsi_14"": 70.71662175}",0
2025-05-01,GLD,rule_signal,,,,,,,,0.1760159,53.93136339,0.15272236,0.37583847,-0.01241615,0.0477712,0.0205342,1257,,1,1,-0.06018736,"{""rule_extension_200dma"": 0.1760159, ""rule_return_63d"": 0.15272236, ""rule_rsi_14"": 53.93136339}",0
2025-05-01,SGOV,rule_signal,,,,,,,,-0.00131835,43.85967298,-0.00288099,0.53135702,0.0031357,9.958e-05,0.00162729,1257,,1,1,0.00303613,"{""rule_extension_200dma"": -0.00131835, ""rule_return_63d"": -0.00288099, ""rule_rsi_14"": 43.85967298}",0
2025-06-02,QQQ,rule_signal,,,,,,,,0.05496133,65.64790328,0.05263059,0.65788843,0.01578884,0.05273211,0.02337489,1278,,1,1,-0.03694326,"{""rule_extension_200dma"": 0.05496133, ""rule_return_63d"": 0.05263059, ""rule_rsi_14"": 65.64790328}",0
2025-06-02,GLD,rule_signal,,,,,,,,0.1926474,62.34433102,0.16844127,0.3538862,-0.01461138,-0.00776467,-0.00953853,1278,,0,0,-0.00684671,"{""rule_extension_200dma"": 0.1926474, ""rule_return_63d"": 0.16844127, ""rule_rsi_14"": 62.34433102}",0
2025-06-02,SGOV,rule_signal,,,,,,,,-0.00122487,41.07084397,0.00019925,0.54059775,0.00405977,-9.957e-05,0.00140422,1278,,0,1,0.00415934,"{""rule_extension_200dma"": -0.00122487, ""rule_return_63d"": 0.00019925, ""rule_rsi_14"": 41.07084397}",0
2025-07-01,QQQ,rule_signal,,,,,,,,0.08866209,61.83331732,0.1664889,0.69357275,0.01935727,0.03294397,0.02375078,1298,,1,1,-0.01358669,"{""rule_extension_200dma"": 0.08866209, ""rule_return_63d"": 0.1664889, ""rule_rsi_14"": 61.83331732}",0
2025-07-01,GLD,rule_signal,,,,,,,,0.14301935,51.19794227,0.06736299,0.38334986,-0.01166501,-0.01492439,0.00059925,1298,,0,1,0.00325938,"{""rule_extension_200dma"": 0.14301935, ""rule_return_63d"": 0.06736299, ""rule_rsi_14"": 51.19794227}",0
2025-07-01,SGOV,rule_signal,,,,,,,,-0.00131338,41.81856082,-0.00297999,0.53106004,0.003106,0.00348708,0.00191669,1298,,1,1,-0.00038108,"{""rule_extension_200dma"": -0.00131338, ""rule_return_63d"": -0.00297999, ""rule_rsi_14"": 41.81856082}",0
2025-08-01,QQQ,rule_signal,,,,,,,,0.08425032,46.63583473,0.14989207,0.71970294,0.02197029,0.02119591,0.03194176,1320,,1,1,0.00077439,"{""rule_extension_200dma"": 0.08425032, ""rule_return_63d"": 0.14989207, ""rule_rsi_14"": 46.63583473}",0
2025-08-01,GLD,rule_signal,,,,,,,,0.11894896,51.48806132,0.03916491,0.38937158,-0.01106284,0.05331439,0.00614671,1320,,1,1,-0.06437723,"{""rule_extension_200dma"": 0.11894896, ""rule_return_63d"": 0.03916491, ""rule_rsi_14"": 51.48806132}",0
2025-08-01,SGOV,rule_signal,,,,,,,,-0.00115019,38.88865298,0.00019923,0.54059769,0.00405977,0.0,0.00158431,1320,,0,1,0.00405977,"{""rule_extension_200dma"": -0.00115019, ""rule_return_63d"": 0.00019923, ""rule_rsi_14"": 38.88865298}",0
2025-09-02,QQQ,rule_signal,,,,,,,,0.09034759,34.28446841,0.08105726,0.71817945,0.02181794,0.07091331,0.04421134,1342,,1,1,-0.04909536,"{""rule_extension_200dma"": 0.09034759, ""rule_return_63d"": 0.08105726, ""rule_rsi_14"": 34.28446841}",0
2025-09-02,GLD,rule_signal,,,,,,,,0.15219428,79.65759635,0.04466257,0.31889677,-0.01811032,0.08968338,0.04642762,1342,,1,1,-0.10779371,"{""rule_extension_200dma"": 0.15219428, ""rule_return_63d"": 0.04466257, ""rule_rsi_14"": 79.65759635}",0
2025-09-02,SGOV,rule_signal,,,,,,,,-0.00117504,41.66677292,9.964e-05,0.54029893,0.00402989,-9.963e-05,0.00153041,1342,,0,1,0.00412953,"{""rule_extension_200dma"": -0.00117504, ""rule_return_63d"": 9.964e-05, ""rule_rsi_14"": 41.66677292}",0
2025-10-01,QQQ,rule_signal,,,,,,,,0.1448708,74.04065036,0.09522515,0.62454272,0.01245427,0.0428015,0.01321704,1363,,1,1,-0.03034723,"{""rule_extension_200dma"": 0.1448708, ""rule_return_63d"": 0.09522515, ""rule_rsi_14"": 74.04065036}",0
2025-10-01,GLD,rule_signal,,,,,,,,0.21629735,79.96620618,0.1512692,0.30542416,-0.01945758,0.0339578,0.0505052,1363,,1,1,-0.05341539,"{""rule_extension_200dma"": 0.21629735, ""rule_return_63d"": 0.1512692, ""rule_rsi_14"": 79.96620618}",0
2025-10-01,SGOV,rule_signal,,,,,,,,-0.00143808,37.7359037,0.0,0.54,0.004,0.00348708,0.00184316,1363,,1,1,0.00051292,"{""rule_extension_200dma"": -0.00143808, ""rule_return_63d"": 0.0, ""rule_rsi_14"": 37.7359037}",0
2025-11-03,QQQ,rule_signal,,,,,,,,0.17576026,74.31507475,0.12817034,0.62471338,0.01247134,-0.01354259,-0.03320559,1385,,0,0,0.02601392,"{""rule_extension_200dma"": 0.17576026, ""rule_return_63d"": 0.12817034, ""rule_rsi_14"": 74.31507475}",0
2025-11-03,GLD,rule_signal,,,,,,,,0.19877152,43.35215356,0.18517803,0.39162521,-0.01083748,0.04908077,0.02416333,1385,,1,1,-0.05991825,"{""rule_extension_200dma"": 0.19877152, ""rule_return_63d"": 0.18517803, ""rule_rsi_14"": 43.35215356}",0
2025-11-03,SGOV,rule_signal,,,,,,,,-0.00134876,39.62255988,-0.00019913,0.53940261,0.00394026,9.962e-05,0.00110983,1385,,1,1,0.00384064,"{""rule_extension_200dma"": -0.00134876, ""rule_return_63d"": -0.00019913, ""rule_rsi_14"": 39.62255988}",0
2025-12-01,QQQ,rule_signal,,,,,,,,0.13117645,46.27122731,0.09113891,0.68344441,0.01834444,-0.00463403,0.00324988,1404,,0,1,0.02297847,"{""rule_extension_200dma"": 0.13117645, ""rule_return_63d"": 0.09113891, ""rule_rsi_14"": 46.27122731}",0
2025-12-01,GLD,rule_signal,,,,,,,,0.22273474,63.64288832,0.19705766,0.34204224,-0.01579578,0.0168313,0.01788693,1404,,1,1,-0.03262707,"{""rule_extension_200dma"": 0.22273474, ""rule_return_63d"": 0.19705766, ""rule_rsi_14"": 63.64288832}",0
2025-12-01,SGOV,rule_signal,,,,,,,,-0.00155966,40.81588151,-9.963e-05,0.5397011,0.00397011,0.0,0.00044595,1404,,0,1,0.00397011,"{""rule_extension_200dma"": -0.00155966, ""rule_return_63d"": -9.963e-05, ""rule_rsi_14"": 40.81588151}",0
2026-01-02,QQQ,rule_signal,,,,,,,,0.09781604,39.93862981,0.01220018,0.68015719,0.01801572,0.02123568,0.01640952,1425,,1,1,-0.00321996,"{""rule_extension_200dma"": 0.09781604, ""rule_return_63d"": 0.01220018, ""rule_rsi_14"": 39.93862981}",0
2026-01-02,GLD,rule_signal,,,,,,,,0.19715608,54.90845629,0.12257952,0.35984978,-0.01401502,0.07243649,0.10042057,1425,,1,1,-0.08645151,"{""rule_extension_200dma"": 0.19715608, ""rule_return_63d"": 0.12257952, ""rule_rsi_14"": 54.90845629}",0
2026-01-02,SGOV,rule_signal,,,,,,,,-0.00117675,41.66732916,0.00029893,0.54089678,0.00408968,-0.00039838,0.00122992,1425,,0,1,0.00448805,"{""rule_extension_200dma"": -0.00117675, ""rule_return_63d"": 0.00029893, ""rule_rsi_14"": 41.66732916}",0
2026-02-02,QQQ,rule_signal,,,,,,,,0.08999313,49.19971432,0.0001438,0.66015331,0.01601533,-0.02457919,-0.03013554,1446,,0,0,0.04059452,"{""rule_extension_200dma"": 0.08999313, ""rule_return_63d"": 0.0001438, ""rule_rsi_14"": 49.19971432}",0
2026-02-02,GLD,rule_signal,,,,,,,,0.22713347,51.6019337,0.15399994,0.35768606,-0.01423139,0.1045817,0.08942074,1446,,1,1,-0.1188131,"{""rule_extension_200dma"": 0.22713347, ""rule_return_63d"": 0.15399994, ""rule_rsi_14"": 51.6019337}",0
2026-02-02,SGOV,rule_signal,,,,,,,,-0.001597,37.50039818,-0.00317807,0.5304658,0.00304658,0.00029888,0.00124299,1446,,1,1,0.0027477,"{""rule_extension_200dma"": -0.001597, ""rule_return_63d"": -0.00317807, ""rule_rsi_14"": 37.50039818}",0
2026-03-02,QQQ,rule_signal,,,,,,,,0.03571183,45.12293015,-0.01006071,0.71373375,0.02137338,-0.0391061,-0.02640014,1466,,0,0,0.06047948,"{""rule_extension_200dma"": 0.03571183, ""rule_return_63d"": -0.01006071, ""rule_rsi_14"": 45.12293015}",0
2026-03-02,GLD,rule_signal,,,,,,,,0.34925212,60.51066915,0.27897266,0.30366111,-0.01963389,-0.10648978,-0.09455937,1466,,0,0,0.08685589,"{""rule_extension_200dma"": 0.34925212, ""rule_return_63d"": 0.27897266, ""rule_rsi_14"": 60.51066915}",0
2026-03-02,SGOV,rule_signal,,,,,,,,-0.00147523,42.22233471,-0.00258349,0.53224954,0.00322495,9.964e-05,0.00146266,1466,,1,1,0.00312531,"{""rule_extension_200dma"": -0.00147523, ""rule_return_63d"": -0.00258349, ""rule_rsi_14"": 42.22233471}",0
2026-04-01,QQQ,rule_signal,,,,,,,,-0.01747315,43.75903393,-0.05669728,0.71875349,0.02187535,0.15375405,0.08788469,1487,,1,1,-0.1318787,"{""rule_extension_200dma"": -0.01747315, ""rule_return_63d"": -0.05669728, ""rule_rsi_14"": 43.75903393}",0
2026-04-01,GLD,rule_signal,,,,,,,,0.15711753,38.66261321,0.09759581,0.40661126,-0.00933887,-0.03343843,-0.01105044,1487,,0,0,0.02409956,"{""rule_extension_200dma"": 0.15711753, ""rule_return_63d"": 0.09759581, ""rule_rsi_14"": 38.66261321}",0
2026-04-01,SGOV,rule_signal,,,,,,,,-0.00137028,38.63679756,0.00019923,0.54059769,0.00405977,0.00019927,0.00153687,1487,,1,1,0.0038605,"{""rule_extension_200dma"": -0.00137028, ""rule_return_63d"": 0.00019923, ""rule_rsi_14"": 38.63679756}",0
2026-05-01,QQQ,rule_signal,,,,,,,,0.11598602,82.79412075,0.08406907,0.53324082,0.00332408,0.10174288,0.05684043,1507,,1,1,-0.0984188,"{""rule_extension_200dma"": 0.11598602, ""rule_return_63d"": 0.08406907, ""rule_rsi_14"": 82.79412075}",0
2026-05-01,GLD,rule_signal,,,,,,,,0.0808338,41.49916934,-0.04892689,0.53328742,0.00332874,-0.02816764,-0.00588992,1507,,0,0,0.03149638,"{""rule_extension_200dma"": 0.0808338, ""rule_return_63d"": -0.04892689, ""rule_rsi_14"": 41.49916934}",0
2026-05-01,SGOV,rule_signal,,,,,,,,-0.00118172,38.09515091,-0.00258264,0.53225208,0.00322521,-9.961e-05,0.00125482,1507,,0,1,0.00332482,"{""rule_extension_200dma"": -0.00118172, ""rule_return_63d"": -0.00258264, ""rule_rsi_14"": 38.09515091}",0
2026-06-01,QQQ,rule_signal,,,,,,,,0.20056628,68.46860777,0.22143097,0.58036543,0.00803654,,,,,,,,"{""rule_extension_200dma"": 0.20056628, ""rule_return_63d"": 0.22143097, ""rule_rsi_14"": 68.46860777}",0
2026-06-01,GLD,rule_signal,,,,,,,,0.02131437,28.77109132,-0.16069386,0.56876227,0.00687623,,,,,,,,"{""rule_extension_200dma"": 0.02131437, ""rule_return_63d"": -0.16069386, ""rule_rsi_14"": 28.77109132}",0
2026-06-01,SGOV,rule_signal,,,,,,,,-0.00125935,40.00034,0.00019929,0.54059786,0.00405979,,,,,,,,"{""rule_extension_200dma"": -0.00125935, ""rule_return_63d"": 0.00019929, ""rule_rsi_14"": 40.00034}",0
