date,oracle_equity,oracle_drawdown,worst_case_equity,worst_case_drawdown
2021-06-01,10000.0,0.0,10000.0,0.0
2021-06-02,10019.53,0.0,10048.9,0.0
2021-06-03,9915.27,0.010406,9852.16,0.019578
2021-06-04,10083.53,0.0,9958.4,0.009006
2021-06-07,10113.57,0.0,9998.31,0.005034
2021-06-08,10118.38,0.0,9967.4,0.00811
2021-06-09,10120.79,0.0,9948.29,0.010012
2021-06-10,10226.25,0.0,9991.01,0.005761
2021-06-11,10252.99,0.0,9878.58,0.016949
2021-06-14,10351.24,0.0,9820.69,0.02271
2021-06-15,10283.64,0.006531,9783.59,0.026402
2021-06-16,10246.08,0.010159,9618.33,0.042847
2021-06-17,10376.18,0.0,9322.65,0.072272
2021-06-18,10294.75,0.007848,9270.94,0.077417
2021-06-21,10346.73,0.002838,9384.49,0.066118
2021-06-22,10443.18,0.0,9345.14,0.070034
2021-06-23,10448.29,0.0,9338.95,0.07065
2021-06-24,10512.89,0.0,9333.33,0.071209
2021-06-25,10499.97,0.001229,9364.25,0.068132
2021-06-28,10627.67,0.0,9363.69,0.068188
2021-06-29,10666.13,0.0,9265.32,0.077977
2021-06-30,10649.3,0.001578,9310.29,0.073502
2021-07-01,20653.51,0.0,19342.33,0.0
2021-07-02,20890.58,0.0,19342.33,0.0
2021-07-06,20980.87,0.0,19343.1,0.0
2021-07-07,21025.14,0.0,19342.13,5e-05
2021-07-08,20898.15,0.00604,19342.13,5e-05
2021-07-09,21028.63,0.0,19342.13,5e-05
2021-07-12,21110.76,0.0,19342.13,5e-05
2021-07-13,21110.76,0.0,19343.1,0.0
2021-07-14,21148.63,0.0,19342.13,5e-05
2021-07-15,21000.09,0.007024,19342.13,5e-05
2021-07-16,20830.0,0.015066,19343.1,0.0
2021-07-19,20659.33,0.023136,19343.1,0.0
2021-07-20,20899.32,0.011788,19342.13,5e-05
2021-07-21,21060.67,0.004159,19344.07,0.0
2021-07-22,21199.89,0.0,19343.1,5e-05
2021-07-23,21447.45,0.0,19344.07,0.0
2021-07-26,21464.34,0.0,19342.33,9e-05
2021-07-27,21227.85,0.011018,19343.1,5e-05
2021-07-28,21309.39,0.007219,19344.07,0.0
2021-07-29,21347.26,0.005455,19343.87,1e-05
2021-07-30,21236.0,0.010638,19343.1,5e-05
2021-08-02,31237.75,0.0,29341.17,0.0
2021-08-03,31427.09,0.0,29344.1,0.0
2021-08-04,31472.5,0.0,29345.57,0.0
2021-08-05,31672.13,0.0,29344.1,5e-05
2021-08-06,31533.33,0.004382,29344.1,5e-05
2021-08-09,31591.59,0.002543,29342.63,0.0001
2021-08-10,31429.66,0.007656,29342.63,0.0001
2021-08-11,31375.69,0.00936,29342.63,0.0001
2021-08-12,31488.78,0.005789,29341.17,0.00015
2021-08-13,31599.3,0.002299,29344.1,5e-05
2021-08-16,31613.01,0.001867,29345.57,0.0
2021-08-17,31334.56,0.010658,29339.7,0.0002
2021-08-18,31032.98,0.02018,29344.1,5e-05
2021-08-19,31182.91,0.015446,29342.63,0.0001
2021-08-20,31505.92,0.005248,29345.57,0.0
2021-08-23,31977.14,0.0,29342.63,0.0001
2021-08-24,32074.81,0.0,29344.1,5e-05
2021-08-25,32111.65,0.0,29342.63,0.0001
2021-08-26,31907.74,0.00635,29344.1,5e-05
2021-08-27,32217.89,0.0,29344.1,5e-05
2021-08-30,32579.45,0.0,29344.1,5e-05
2021-08-31,32552.89,0.000815,29344.1,5e-05
2021-09-01,42606.86,0.0,39344.1,0.0
2021-09-02,42605.58,3e-05,39325.49,0.000473
2021-09-03,42606.86,0.0,39446.45,0.0
2021-09-07,42608.99,0.0,39502.27,0.0
2021-09-08,42606.86,5e-05,39364.78,0.003481
2021-09-09,42603.45,0.00013,39229.35,0.006909
2021-09-10,42608.99,0.0,38931.62,0.014446
2021-09-13,42606.86,5e-05,38904.74,0.015126
2021-09-14,42604.73,0.0001,38794.12,0.017927
2021-09-15,42608.99,0.0,39082.55,0.010625
2021-09-16,42608.99,0.0,39109.43,0.009945
2021-09-17,42606.86,5e-05,38646.29,0.021669
2021-09-20,42605.58,8e-05,37805.82,0.042946
2021-09-21,42606.86,5e-05,37852.34,0.041768
2021-09-22,42606.86,5e-05,38205.9,0.032818
2021-09-23,42605.16,9e-05,38558.42,0.023894
2021-09-24,42606.86,5e-05,38594.6,0.022978
2021-09-27,42606.86,5e-05,38286.53,0.030776
2021-09-28,42604.73,0.0001,37203.12,0.058203
2021-09-29,42608.99,0.0,37142.12,0.059747
2021-09-30,42606.86,5e-05,37005.66,0.063202
2021-10-01,52602.6,0.0,47235.16,0.0
2021-10-04,51498.5,0.020989,47238.0,0.0
2021-10-05,52193.68,0.007774,47239.89,0.0
2021-10-06,52528.12,0.001416,47235.16,0.0001
2021-10-07,53010.07,0.0,47235.16,0.0001
2021-10-08,52745.73,0.004987,47240.36,0.0
2021-10-11,52341.18,0.012618,47237.52,6e-05
2021-10-12,52158.63,0.016062,47237.52,6e-05
2021-10-13,52576.31,0.008183,47237.52,6e-05
2021-10-14,53544.59,0.0,47237.52,6e-05
2021-10-15,53881.96,0.0,47237.52,6e-05
2021-10-18,54423.79,0.0,47241.77,0.0
2021-10-19,54835.63,0.0,47237.52,9e-05
2021-10-20,54764.07,0.001305,47237.52,9e-05
2021-10-21,55098.51,0.0,47242.25,0.0
2021-10-22,54635.55,0.008402,47240.36,4e-05
2021-10-25,55194.91,0.0,47232.8,0.0002
2021-10-26,55368.7,0.0,47237.52,0.0001
2021-10-27,55497.22,0.0,47234.22,0.00017
2021-10-28,56113.53,0.0,47235.16,0.00015
2021-10-29,56389.55,0.0,47237.52,0.0001
2021-11-01,66582.34,0.0,57237.52,0.0
2021-11-02,66588.99,0.0,57114.52,0.002149
2021-11-03,66588.99,0.0,56639.59,0.010446
2021-11-04,66582.34,0.0001,57281.94,0.0
2021-11-05,66582.34,0.0001,58030.21,0.0
2021-11-08,66585.67,5e-05,58238.63,0.0
2021-11-09,66582.34,0.0001,58525.64,0.0
2021-11-10,66588.99,0.0,59161.15,0.0
2021-11-11,66582.34,0.0001,59492.58,0.0
2021-11-12,66582.34,0.0001,59605.33,0.0
2021-11-15,66582.34,0.0001,59513.08,0.001548
2021-11-16,66575.68,0.0002,59082.57,0.00877
2021-11-17,66582.34,0.0001,59622.42,0.0
2021-11-18,66582.34,0.0001,59431.08,0.003209
2021-11-19,66582.34,0.0001,58976.65,0.010831
2021-11-22,66582.34,0.0001,57654.37,0.033009
2021-11-23,66586.33,4e-05,57155.52,0.041375
2021-11-24,66588.99,0.0,57100.85,0.042292
2021-11-26,66582.34,0.0001,57008.6,0.04384
2021-11-29,66585.67,5e-05,56930.01,0.045158
2021-11-30,66582.34,0.0001,56547.34,0.051576
2021-12-01,76579.01,0.0,66772.84,0.0
2021-12-02,76155.0,0.005537,66772.84,0.0
2021-12-03,76795.62,0.0,66776.18,0.0
2021-12-06,76606.66,0.002461,66776.18,0.0
2021-12-07,76878.57,0.0,66774.85,2e-05
2021-12-08,76920.05,0.0,66772.84,5e-05
2021-12-09,76449.96,0.006111,66776.18,0.0
2021-12-10,76772.58,0.001917,66779.52,0.0
2021-12-13,76966.14,0.0,66779.52,0.0
2021-12-14,76247.18,0.009341,66776.18,5e-05
2021-12-15,76574.4,0.00509,66776.18,5e-05
2021-12-16,77500.76,0.0,66779.52,0.0
2021-12-17,77334.84,0.002141,66776.18,5e-05
2021-12-20,77007.62,0.006363,66772.84,0.0001
2021-12-21,76975.36,0.006779,66775.51,6e-05
2021-12-22,77698.93,0.0,66776.18,5e-05
2021-12-23,77874.07,0.0,66782.19,0.0
2021-12-27,78058.41,0.0,66776.18,9e-05
2021-12-28,77721.98,0.00431,66776.18,9e-05
2021-12-29,77698.93,0.004605,66772.84,0.00014
2021-12-30,78256.59,0.0,66772.84,0.00014
2021-12-31,78791.21,0.0,66779.52,4e-05
2022-01-03,87579.11,0.0,76776.18,0.0
2022-01-04,88224.26,0.0,75780.35,0.012971
2022-01-05,87958.91,0.003008,73452.3,0.043293
2022-01-06,86881.93,0.015215,73400.69,0.043965
2022-01-07,87277.34,0.010733,72605.55,0.054322
2022-01-10,87542.68,0.007726,72653.34,0.053699
2022-01-11,88598.86,0.0,73744.74,0.039484
2022-01-12,88832.99,0.0,74037.18,0.035675
2022-01-13,88531.22,0.003397,72185.06,0.059799
2022-01-14,88276.28,0.006267,72634.23,0.053948
2022-01-18,88130.6,0.007907,70826.06,0.0775
2022-01-19,89530.17,0.0,70048.14,0.087632
2022-01-20,89306.44,0.002499,69138.32,0.099482
2022-01-21,89015.08,0.005753,67221.21,0.124452
2022-01-24,89504.15,0.000291,67528.94,0.120444
2022-01-25,89790.31,0.0,65963.52,0.140834
2022-01-26,88338.71,0.016167,65860.31,0.142178
2022-01-27,87199.3,0.028856,65197.06,0.150817
2022-01-28,86939.16,0.031753,67242.23,0.124178
2022-01-31,87454.24,0.026017,69392.53,0.096171
2022-02-01,97527.08,0.0,79864.64,0.0
2022-02-02,97880.71,0.0,80513.57,0.0
2022-02-03,97741.58,0.001421,77249.24,0.040544
2022-02-04,97892.31,0.0,78223.74,0.02844
2022-02-07,98616.96,0.0,77594.47,0.036256
2022-02-08,98918.42,0.0,78466.27,0.025428
2022-02-09,99254.66,0.0,80129.03,0.004776
2022-02-10,98877.84,0.003796,78315.51,0.0273
2022-02-11,100761.94,0.0,75831.21,0.058156
2022-02-14,101301.09,0.0,75925.16,0.056989
2022-02-15,100338.74,0.0095,77812.97,0.033542
2022-02-16,101370.65,0.0,77793.3,0.033786
2022-02-17,102756.19,0.0,75479.43,0.062525
2022-02-18,102680.83,0.000733,74618.56,0.073218
2022-02-22,102895.33,0.0,73869.11,0.082526
2022-02-23,103359.1,0.0,71976.94,0.106027
2022-02-24,102692.42,0.00645,74395.69,0.075986
2022-02-25,102350.39,0.009759,75549.35,0.061657
2022-02-28,103411.29,0.0,75774.4,0.058862
2022-03-01,115289.59,0.0,84614.18,0.0
2022-03-02,117224.08,0.0,83733.66,0.010406
2022-03-03,115549.55,0.014285,84232.16,0.004515
2022-03-04,113875.01,0.02857,85573.91,0.0
2022-03-07,109675.17,0.064397,86845.78,0.0
2022-03-08,109165.39,0.068746,89221.79,0.0
2022-03-09,113095.14,0.035223,86570.91,0.029711
2022-03-10,111839.24,0.045936,86841.12,0.026683
2022-03-11,109519.88,0.065722,86230.81,0.033523
2022-03-14,107416.59,0.083664,84930.99,0.048091
2022-03-15,110785.91,0.054922,83342.32,0.065897
2022-03-16,114894.59,0.019872,83864.11,0.060049
2022-03-17,116285.53,0.008006,84274.09,0.055454
2022-03-18,118665.66,0.0,83533.33,0.063756
2022-03-21,118189.64,0.004011,84171.59,0.056603
2022-03-22,120512.38,0.0,83561.28,0.063443
2022-03-23,118780.45,0.014371,84702.7,0.05065
2022-03-24,121420.54,0.0,85317.68,0.043757
2022-03-25,121319.26,0.000834,84968.26,0.047674
2022-03-28,123196.36,0.0,83421.52,0.06501
2022-03-29,125316.54,0.0,83458.79,0.064592
2022-03-30,123932.34,0.011046,84129.67,0.057073
2022-03-31,122396.23,0.023303,84162.27,0.056707
2022-04-01,132163.28,0.0,93626.51,0.0
2022-04-04,132163.28,0.0,95554.15,0.0
2022-04-05,132155.36,6e-05,93432.45,0.022204
2022-04-06,132156.68,5e-05,91403.9,0.043433
2022-04-07,132163.28,0.0,91621.24,0.041159
2022-04-08,132163.28,0.0,90340.46,0.054563
2022-04-11,132163.28,0.0,88203.24,0.076929
2022-04-12,132163.28,0.0,87830.64,0.080829
2022-04-13,132169.9,0.0,89615.98,0.062145
2022-04-14,132173.86,0.0,87566.72,0.083591
2022-04-18,132176.5,0.0,87634.0,0.082887
2022-04-19,132176.5,0.0,89592.69,0.062388
2022-04-20,132176.5,0.0,88286.03,0.076063
2022-04-21,132176.5,0.0,86459.3,0.09518
2022-04-22,132176.5,0.0,84195.29,0.118874
2022-04-25,132183.1,0.0,85276.83,0.107555
2022-04-26,132189.71,0.0,82058.07,0.14124
2022-04-27,132189.71,0.0,81959.74,0.142269
2022-04-28,132202.92,0.0,84870.61,0.111806
2022-04-29,132202.92,0.0,81051.55,0.151774
2022-05-02,142163.28,0.0,92404.78,0.032959
2022-05-03,142163.28,0.0,92503.43,0.031927
2022-05-04,142163.28,0.0,95631.17,0.0
2022-05-05,142177.5,0.0,90814.8,0.050364
2022-05-06,142177.5,0.0,89726.76,0.061741
2022-05-09,142177.5,0.0,86216.03,0.098453
2022-05-10,142177.5,0.0,87263.45,0.0875
2022-05-11,142177.5,0.0,84675.37,0.114563
2022-05-12,142177.5,0.0,84475.17,0.116657
2022-05-13,142177.5,0.0,87605.81,0.08392
2022-05-16,142177.5,0.0,86590.31,0.094539
2022-05-17,142191.71,0.0,88833.12,0.071086
2022-05-18,142191.71,0.0,84472.27,0.116687
2022-05-19,142205.92,0.0,84019.64,0.12142
2022-05-20,142191.71,0.0001,83758.51,0.124151
2022-05-23,142213.03,0.0,85151.21,0.109587
2022-05-24,142220.13,0.0,83340.71,0.128519
2022-05-25,142220.13,0.0,84507.09,0.116323
2022-05-26,142234.35,0.0,86848.54,0.091839
2022-05-27,142234.35,0.0,89683.24,0.062197
2022-05-31,142234.35,0.0,89445.32,0.064684
2022-06-01,152177.5,0.0,98783.79,0.0
2022-06-02,152192.71,0.0,101489.05,0.0
2022-06-03,152192.71,0.0,98848.36,0.026019
2022-06-06,152177.5,0.0001,99177.64,0.022775
2022-06-07,152177.5,0.0001,100033.12,0.014346
2022-06-08,152177.5,0.0001,99313.23,0.021439
2022-06-09,152192.71,0.0,96653.16,0.047649
2022-06-10,152192.71,0.0,93244.15,0.081239
2022-06-13,152177.5,0.0001,88908.64,0.123958
2022-06-14,152177.5,0.0001,89070.06,0.122368
2022-06-15,152169.9,0.00015,91294.3,0.100452
2022-06-16,152207.92,0.0,87610.9,0.136745
2022-06-17,152223.13,0.0,88676.21,0.126248
2022-06-21,152253.55,0.0,90739.04,0.105923
2022-06-22,152238.35,0.0001,90606.7,0.107227
2022-06-23,152253.55,0.0,91956.09,0.093931
2022-06-24,152223.13,0.0002,95106.84,0.062886
2022-06-27,152253.55,0.0,94409.55,0.069756
2022-06-28,152253.55,0.0,91533.2,0.098098
2022-06-29,152268.76,0.0,91617.12,0.097271
2022-06-30,152299.19,0.0,90480.79,0.108467
2022-07-01,162177.5,0.0,101078.01,0.00405
2022-07-05,164953.93,0.0,98934.19,0.025174
2022-07-06,166011.62,0.0,97366.85,0.040617
2022-07-07,169564.1,0.0,97420.89,0.040085
2022-07-08,169776.78,0.0,97462.93,0.03967
2022-07-11,166149.59,0.021364,96940.48,0.044818
2022-07-12,164540.05,0.030845,96580.18,0.048368
2022-07-13,164200.9,0.032842,97042.58,0.043812
2022-07-14,164787.24,0.029389,95679.42,0.057244
2022-07-15,167776.36,0.011783,95487.25,0.059137
2022-07-18,166356.52,0.020146,95577.33,0.05825
2022-07-19,171472.53,0.0,95805.52,0.056001
2022-07-20,174191.49,0.0,94904.75,0.064877
2022-07-21,176692.02,0.0,96243.9,0.051682
2022-07-22,173593.66,0.017535,96484.1,0.049315
2022-07-25,172604.95,0.023131,96219.87,0.051919
2022-07-26,169213.44,0.042326,96105.77,0.053043
2022-07-27,176364.36,0.001854,97084.61,0.043398
2022-07-28,178088.86,0.0,98267.62,0.031742
2022-07-29,181336.66,0.0,98543.86,0.02902
2022-08-01,191227.44,0.0,109102.33,0.0
2022-08-02,191237.01,0.0,108777.03,0.002982
2022-08-03,191265.68,0.0,111739.31,0.0
2022-08-04,191284.79,0.0,112261.86,0.0
2022-08-05,191284.79,0.0,111344.8,0.008169
2022-08-08,191284.79,0.0,110984.89,0.011375
2022-08-09,191323.03,0.0,109728.7,0.022565
2022-08-10,191303.91,0.0001,112791.33,0.0
2022-08-11,191342.14,0.0,112151.12,0.005676
2022-08-12,191361.26,0.0,114334.76,0.0
2022-08-15,191361.26,0.0,115258.74,0.0
2022-08-16,191380.38,0.0,114988.81,0.002342
2022-08-17,191399.5,0.0,113677.24,0.013721
2022-08-18,191418.61,0.0,113950.63,0.011349
2022-08-19,191418.61,0.0,111728.92,0.030625
2022-08-22,191495.08,0.0,108787.41,0.056146
2022-08-23,191437.73,0.000299,108697.44,0.056927
2022-08-24,191475.97,0.0001,109012.36,0.054194
2022-08-25,191523.75,0.0,110939.91,0.037471
2022-08-26,191523.75,0.0,106392.68,0.076923
2022-08-29,191533.32,0.0,105344.12,0.086021
2022-08-30,191533.32,0.0,104170.97,0.096199
2022-08-31,191552.42,0.0,103565.37,0.101453
2022-09-01,201284.79,0.0,113610.36,0.014302
2022-09-02,203057.04,0.0,112005.25,0.028228
2022-09-06,201871.3,0.005839,111200.78,0.035207
2022-09-07,203924.05,0.0,113447.19,0.015717
2022-09-08,202700.04,0.006002,114035.35,0.010614
2022-09-09,203771.06,0.00075,116528.41,0.0
2022-09-12,204803.81,0.0,117913.43,0.0
2022-09-13,202139.04,0.013011,111447.44,0.054837
2022-09-14,201361.28,0.016809,112331.58,0.047339
2022-09-15,197600.03,0.035174,110460.84,0.063204
2022-09-16,198696.53,0.02982,109785.4,0.068932
2022-09-19,198849.55,0.029073,110441.86,0.063365
2022-09-20,197714.79,0.034614,109561.52,0.070831
2022-09-21,198632.78,0.030131,107599.71,0.087469
2022-09-22,198518.03,0.030692,106275.4,0.0987
2022-09-23,195088.27,0.047438,104545.06,0.113374
2022-09-26,192818.76,0.05852,104112.47,0.117043
2022-09-27,193214.01,0.05659,104154.22,0.116689
2022-09-28,197230.29,0.036979,106226.07,0.099118
2022-09-29,197192.04,0.037166,103163.82,0.125088
2022-09-30,197204.78,0.037104,101414.51,0.139924
2022-10-03,211998.79,0.0,113793.73,0.034938
2022-10-04,212019.95,0.0,115424.18,0.021111
2022-10-05,212019.95,0.0,114784.93,0.026532
2022-10-06,212083.49,0.0,114655.64,0.027629
2022-10-07,212104.65,0.0,113398.69,0.038289
2022-10-10,212104.65,0.0,111674.86,0.052908
2022-10-11,212125.83,0.0,111445.03,0.054857
2022-10-12,212083.49,0.0002,112041.18,0.049801
2022-10-13,212147.01,0.0,111265.46,0.05638
2022-10-14,212189.35,0.0,109879.22,0.068137
2022-10-17,212168.17,0.0001,110195.25,0.065456
2022-10-18,212210.53,0.0,110432.28,0.063446
2022-10-19,212210.53,0.0,108952.67,0.075994
2022-10-20,212252.87,0.0,108780.28,0.077456
2022-10-21,212295.23,0.0,110719.58,0.06101
2022-10-24,212316.39,0.0,110360.45,0.064055
2022-10-25,212295.23,0.0001,110611.84,0.061923
2022-10-26,212295.23,0.0001,111315.74,0.055954
2022-10-27,212401.09,0.0,111143.36,0.057416
2022-10-28,212401.09,0.0,110008.51,0.06704
2022-10-31,212401.09,0.0,109110.69,0.074654
2022-11-01,221914.09,0.0,120223.99,0.0
2022-11-02,220366.78,0.006973,120248.01,0.0
2022-11-03,219528.06,0.010752,120296.06,0.0
2022-11-04,226266.75,0.0,120308.08,0.0
2022-11-07,225370.19,0.003962,120320.09,0.0
2022-11-08,230576.04,0.0,120332.1,0.0
2022-11-09,229419.18,0.005017,120368.14,0.0
2022-11-10,236403.7,0.0,120380.15,0.0
2022-11-11,237965.46,0.0,120392.17,0.0
2022-11-14,238486.05,0.0,120392.17,0.0
2022-11-15,239324.77,0.0,120392.17,0.0
2022-11-16,238775.26,0.002296,120380.15,0.0001
2022-11-17,237039.98,0.009547,120440.22,0.0
2022-11-18,235405.91,0.016375,120440.22,0.0
2022-11-21,234090.0,0.021873,120464.24,0.0
2022-11-22,234364.76,0.020725,120500.28,0.0
2022-11-23,235825.28,0.014622,120524.31,0.0
2022-11-25,236027.73,0.013776,120536.32,0.0
2022-11-28,234162.29,0.021571,120560.35,0.0
2022-11-29,235319.15,0.016737,120560.35,0.0
2022-11-30,238326.98,0.004169,120572.36,0.0
2022-12-01,252708.57,0.0,130284.05,0.0
2022-12-02,251835.29,0.003456,129765.07,0.003983
2022-12-05,247514.08,0.020555,127587.18,0.0207
2022-12-06,248191.62,0.017874,124943.52,0.040991
2022-12-07,250435.05,0.008997,124433.42,0.044907
2022-12-08,250645.84,0.008162,125906.06,0.033603
2022-12-09,251534.17,0.004647,125103.21,0.039766
2022-12-12,249456.36,0.012869,126673.42,0.027714
2022-12-13,253717.36,0.0,128035.17,0.017261
2022-12-14,253100.06,0.002433,127085.95,0.024547
2022-12-15,248959.52,0.018753,122818.85,0.057299
2022-12-16,251127.63,0.010207,121647.83,0.066288
2022-12-19,250420.0,0.012996,119651.78,0.081608
2022-12-20,254575.59,0.0,119558.64,0.082323
2022-12-21,254154.01,0.001656,121292.98,0.069011
2022-12-22,251082.47,0.013721,118325.53,0.091788
2022-12-23,251835.29,0.010764,118591.66,0.089745
2022-12-27,253958.27,0.002425,116914.98,0.102615
2022-12-28,252813.98,0.00692,115371.38,0.114463
2022-12-29,254229.3,0.00136,118183.58,0.092878
2022-12-30,255418.75,0.0,118112.61,0.093422
2023-01-03,267556.77,0.0,127314.2,0.022795
2023-01-04,268831.41,0.0,127301.48,0.022893
2023-01-05,264623.01,0.015654,127352.33,0.022503
2023-01-06,271927.01,0.0,127377.75,0.022307
2023-01-09,273687.27,0.0,127377.75,0.022307
2023-01-10,276003.89,0.0,127377.75,0.022307
2023-01-11,280778.8,0.0,127377.75,0.022307
2023-01-12,282296.25,0.0,127466.73,0.021624
2023-01-13,284238.6,0.0,127479.44,0.021527
2023-01-17,284815.23,0.0,127466.73,0.021624
2023-01-18,281112.65,0.013,127504.86,0.021332
2023-01-19,278350.88,0.022697,127530.28,0.021137
2023-01-20,285968.48,0.0,127555.7,0.020942
2023-01-23,292321.54,0.0,127555.7,0.020942
2023-01-24,291724.68,0.002042,127593.83,0.020649
2023-01-25,291077.25,0.004257,127606.55,0.020551
2023-01-26,296752.49,0.0,127644.68,0.020259
2023-01-27,299706.48,0.0,127657.39,0.020161
2023-01-30,293646.77,0.020219,127695.53,0.019868
2023-01-31,298047.38,0.005536,127695.53,0.019868
2023-02-01,314420.69,0.0,137212.51,0.0
2023-02-02,314577.76,0.0,134365.08,0.020752
2023-02-03,314609.19,0.0,131011.63,0.045192
2023-02-06,314609.19,0.0,131283.53,0.04321
2023-02-07,314672.03,0.0,131404.37,0.04233
2023-02-08,314703.43,0.0,131729.15,0.039963
2023-02-09,314829.1,0.0,130686.85,0.047559
2023-02-10,314860.53,0.0,130936.1,0.045742
2023-02-13,314923.35,0.0,130271.44,0.050586
2023-02-14,314891.95,0.0001,130369.63,0.049871
2023-02-15,314986.2,0.0,129070.54,0.059338
2023-02-16,315111.87,0.0,128964.8,0.060109
2023-02-17,315143.27,0.0,129349.99,0.057302
2023-02-21,315206.12,0.0,128866.61,0.060825
2023-02-22,315268.94,0.0,128141.55,0.066109
2023-02-23,315394.61,0.0,128073.57,0.066604
2023-02-24,315426.03,0.0,127152.13,0.07332
2023-02-27,315457.46,0.0,127650.6,0.069687
2023-02-28,315520.28,0.0,128232.18,0.065448
2023-03-01,324672.03,0.0,138972.35,0.0
2023-03-02,327359.02,0.0,139041.72,0.0
2023-03-03,334126.75,0.0,139055.6,0.0
2023-03-06,334505.82,0.0,139041.72,0.0001
2023-03-07,330402.83,0.012266,139083.34,0.0
2023-03-08,332052.96,0.007333,139097.22,0.0
2023-03-09,326299.84,0.024532,139138.85,0.0
2023-03-10,321717.4,0.038231,139166.6,0.0
2023-03-13,324103.4,0.031098,139208.23,0.0
2023-03-14,331551.23,0.008833,139235.97,0.0
2023-03-15,333290.54,0.003633,139291.47,0.0
2023-03-16,342076.31,0.0,139319.23,0.0
2023-03-17,340459.63,0.004726,139333.1,0.0
2023-03-20,341139.76,0.002738,139346.97,0.0
2023-03-21,346012.07,0.0,139388.6,0.0
2023-03-22,341307.0,0.013598,139374.72,0.0001
2023-03-23,345354.25,0.001901,139430.22,0.0
2023-03-24,346625.31,0.0,139485.72,0.0
2023-03-27,344250.47,0.006851,139457.98,0.000199
2023-03-28,342421.94,0.012127,139499.6,0.0
2023-03-29,348665.64,0.0,139513.48,0.0
2023-03-30,351965.87,0.0,139541.22,0.0
2023-03-31,357819.33,0.0,139555.1,0.0
2023-04-03,366949.67,0.0,149069.48,0.0
2023-04-04,373789.97,0.0,148566.61,0.003373
2023-04-05,373491.71,0.000798,147099.9,0.013212
2023-04-06,370827.19,0.007926,148091.66,0.006559
2023-04-10,368083.11,0.015268,148007.86,0.007122
2023-04-11,370409.6,0.009044,147057.98,0.013494
2023-04-12,372219.1,0.004203,145758.9,0.022208
2023-04-13,377249.89,0.0,148613.18,0.003061
2023-04-14,370568.68,0.01771,148333.8,0.004935
2023-04-17,368918.26,0.022085,148459.51,0.004092
2023-04-18,370349.95,0.01829,148468.82,0.004029
2023-04-19,368580.22,0.022981,148398.98,0.004498
2023-04-20,370031.79,0.019133,147267.52,0.012088
2023-04-21,366373.04,0.028832,147421.16,0.011057
2023-04-24,367486.57,0.02588,147113.87,0.013119
2023-04-25,369355.72,0.020926,144338.74,0.031735
2023-04-26,367347.39,0.026249,145214.11,0.025863
2023-04-27,367367.26,0.026197,149162.61,0.0
2023-04-28,367466.69,0.025933,150191.63,0.0
2023-05-01,375816.27,0.0038,160019.35,0.0
2023-05-02,372538.57,0.012489,163107.19,0.0
2023-05-03,370100.71,0.018951,164490.19,0.0
2023-05-04,368794.3,0.022414,165647.04,0.0
2023-05-05,376632.79,0.001636,163055.0,0.015648
2023-05-08,377565.93,0.0,163255.06,0.01444
2023-05-09,375174.74,0.006333,164411.91,0.007456
2023-05-10,379257.29,0.0,164177.06,0.008874
2023-05-11,380493.72,0.0,162767.96,0.017381
2023-05-12,379128.96,0.003587,162489.62,0.019061
2023-05-15,381181.92,0.0,162837.55,0.016961
2023-05-16,381613.49,0.0,160802.18,0.029248
2023-05-17,386232.6,0.0,160245.5,0.032609
2023-05-18,393406.21,0.0,158166.65,0.045159
2023-05-19,392519.74,0.002253,159732.31,0.035707
2023-05-22,393837.83,0.0,159358.3,0.037965
2023-05-23,388845.42,0.012676,159549.65,0.03681
2023-05-24,386850.81,0.017741,158262.33,0.044581
2023-05-25,396264.01,0.0,156740.16,0.05377
2023-05-26,406388.73,0.0,157366.42,0.04999
2023-05-30,408231.73,0.0,158340.61,0.044108
2023-05-31,405910.49,0.005686,158584.17,0.042638
2023-06-01,420599.61,0.0,169836.69,0.0
2023-06-02,423754.0,0.0,167332.03,0.014747
2023-06-05,424052.71,0.0,168339.44,0.008816
2023-06-06,423981.02,0.000169,168524.28,0.007727
2023-06-07,416788.03,0.017132,166500.21,0.019645
2023-06-08,421961.72,0.004931,168699.89,0.006693
2023-06-09,423574.78,0.001127,168247.01,0.00936
2023-06-12,430731.92,0.0,168099.14,0.010231
2023-06-13,434041.69,0.0,166860.66,0.017523
2023-06-14,437196.07,0.0,166953.09,0.016979
2023-06-15,442405.64,0.0,168126.87,0.010067
2023-06-16,439621.62,0.006293,167868.09,0.011591
2023-06-20,438390.93,0.009075,166130.53,0.021822
2023-06-21,432416.67,0.022579,165890.23,0.023237
2023-06-22,437518.71,0.011046,164245.1,0.032923
2023-06-23,433181.39,0.02085,164697.97,0.030257
2023-06-26,427374.39,0.033976,164984.47,0.02857
2023-06-27,434722.72,0.017366,164226.61,0.033032
2023-06-28,435571.09,0.015449,163847.67,0.035263
2023-06-29,434698.84,0.01742,163672.07,0.036297
2023-06-30,441401.97,0.002269,164762.67,0.029876
2023-07-03,452441.49,0.0,174947.51,0.0
2023-07-05,452429.26,2.7e-05,174964.95,0.0
2023-07-06,448983.61,0.007643,175034.75,0.0
2023-07-07,447492.94,0.010937,175052.2,0.0
2023-07-10,447639.56,0.010613,175069.66,0.0
2023-07-11,449851.16,0.005725,175087.1,0.0
2023-07-12,455532.79,0.0,175122.0,0.0
2023-07-13,463267.12,0.0,175191.8,0.0
2023-07-14,463169.39,0.000211,175209.26,0.0
2023-07-17,467494.74,0.0,175244.15,0.0
2023-07-18,471319.16,0.0,175261.6,0.0
2023-07-19,471209.2,0.000233,175296.49,0.0
2023-07-20,460346.91,0.02328,175366.29,0.0
2023-07-21,458966.2,0.026209,175383.75,0.0
2023-07-24,459699.32,0.024654,175418.64,0.0
2023-07-25,462815.04,0.018043,175436.09,0.0
2023-07-26,461275.49,0.02131,175470.99,0.0
2023-07-27,460175.83,0.023643,175540.78,0.0
2023-07-28,468557.79,0.005859,175575.69,0.0
2023-07-31,468802.14,0.00534,175575.69,0.0
2023-08-01,477714.7,0.0,184842.81,0.0
2023-08-02,477857.76,0.0,180786.59,0.021944
2023-08-03,478000.78,0.0,180496.86,0.023512
2023-08-04,478096.12,0.0,179651.81,0.028083
2023-08-07,478143.81,0.0,181172.89,0.019854
2023-08-08,478191.49,0.0,179632.49,0.028188
2023-08-09,478334.52,0.0,177657.5,0.038873
2023-08-10,478477.54,0.0,177985.86,0.037096
2023-08-11,478525.22,0.0,176851.08,0.043235
2023-08-14,478668.25,0.0,178835.74,0.032498
2023-08-15,478715.93,0.0,176938.01,0.042765
2023-08-16,478811.27,0.0,175064.42,0.052901
2023-08-17,479001.98,0.0,173152.2,0.063246
2023-08-18,479049.66,0.0,172934.91,0.064422
2023-08-21,479097.31,0.0,175721.14,0.049348
2023-08-22,479145.0,0.0,175470.04,0.050707
2023-08-23,479288.02,0.0,178236.96,0.035738
2023-08-24,479478.73,0.0,174427.02,0.056349
2023-08-25,479526.42,0.0,175779.08,0.049035
2023-08-28,479621.75,0.0,177102.19,0.041877
2023-08-29,479717.13,0.0,180970.07,0.020952
2023-08-30,479717.13,0.0,181979.3,0.015492
2023-08-31,479955.49,0.0,182524.96,0.01254
2023-09-01,488048.43,0.0,192331.81,0.0
2023-09-05,488097.12,0.0,190762.06,0.008162
2023-09-06,488194.49,0.0,189897.09,0.012659
2023-09-07,488437.83,0.0,190099.99,0.011604
2023-09-08,488486.51,0.0,190164.06,0.011271
2023-09-11,488535.2,0.0,190516.45,0.009439
2023-09-12,488583.84,0.0,189534.03,0.014547
2023-09-13,488729.9,0.0,189096.2,0.016823
2023-09-14,488875.91,0.0,189192.31,0.016323
2023-09-15,488973.24,0.0,190441.7,0.009827
2023-09-18,489021.92,0.0,191562.95,0.003998
2023-09-19,489070.61,0.0,191381.42,0.004941
2023-09-20,489216.62,0.0,191520.24,0.00422
2023-09-21,489362.64,0.0,190132.02,0.011437
2023-09-22,489459.97,0.0,190740.7,0.008273
2023-09-25,489557.34,0.0,189758.27,0.013381
2023-09-26,489557.34,0.0,188241.91,0.021265
2023-09-27,489703.35,0.0,185913.99,0.033368
2023-09-28,489849.36,0.0,184984.94,0.038199
2023-09-29,489995.38,0.0,183084.16,0.048082
2023-10-02,498048.43,0.0,191162.01,0.006082
2023-10-03,496609.95,0.002888,187807.18,0.023525
2023-10-04,496551.22,0.003006,190362.99,0.010237
2023-10-05,495641.15,0.004833,189802.08,0.013153
2023-10-06,498195.23,0.0,192982.3,0.0
2023-10-09,507354.77,0.0,193966.52,0.0
2023-10-10,506503.38,0.001678,195040.7,0.0
2023-10-11,510202.4,0.0,196432.38,0.0
2023-10-12,508646.46,0.00305,195749.76,0.003475
2023-10-13,524998.56,0.0,193289.2,0.016001
2023-10-16,522444.48,0.004865,195474.61,0.004876
2023-10-17,523413.23,0.00302,194834.34,0.008135
2023-10-18,530987.45,0.0,192278.52,0.021147
2023-10-19,537504.8,0.0,190479.4,0.030305
2023-10-20,538972.67,0.0,187637.85,0.044771
2023-10-23,537152.52,0.003377,188204.05,0.041889
2023-10-24,537093.8,0.003486,190034.91,0.032568
2023-10-25,539354.33,0.0,185383.65,0.056247
2023-10-26,540205.68,0.0,181848.91,0.074242
2023-10-27,546488.16,0.0,182722.01,0.069797
2023-10-30,543405.67,0.005641,184780.42,0.059318
2023-10-31,540440.54,0.011066,185664.1,0.054819
2023-11-01,548737.81,0.0,198886.64,0.0
2023-11-02,558699.22,0.0,198965.97,0.0
2023-11-03,565263.27,0.0,198985.79,0.0
2023-11-06,567569.15,0.0,199025.46,0.0
2023-11-07,572934.2,0.0,199025.46,0.0
2023-11-08,573303.12,0.0,199065.12,0.0
2023-11-09,568891.22,0.007696,199164.28,0.0
2023-11-10,581681.17,0.0,199164.28,0.0
2023-11-13,579867.18,0.003119,199184.11,0.0
2023-11-14,592349.66,0.0,199263.44,0.0
2023-11-15,592795.48,0.0,199263.44,0.0
2023-11-16,593302.8,0.0,199362.59,0.0
2023-11-17,593441.15,0.0,199402.26,0.0
2023-11-20,600666.21,0.0,199422.08,0.0
2023-11-21,597176.66,0.005809,199481.57,0.0
2023-11-22,599620.89,0.00174,199560.89,0.0
2023-11-24,598775.42,0.003148,199620.4,0.0
2023-11-27,598252.76,0.004018,199620.4,0.0
2023-11-28,599820.74,0.001408,199640.22,0.0
2023-11-29,599236.57,0.00238,199699.71,0.0
2023-11-30,597730.05,0.004888,199759.22,0.0
2023-12-01,609436.43,0.0,208946.13,0.0
2023-12-04,603778.74,0.009283,204430.09,0.021613
2023-12-05,605294.76,0.006796,203657.46,0.025311
2023-12-06,601793.83,0.01254,204408.32,0.021718
2023-12-07,610202.23,0.0,204745.66,0.020103
2023-12-08,612921.7,0.0,202014.28,0.033175
2023-12-11,618157.37,0.0,199783.45,0.043852
2023-12-12,623080.54,0.0,199674.64,0.044373
2023-12-13,631004.4,0.0,204179.81,0.022811
2023-12-14,630457.42,0.000867,205376.82,0.017082
2023-12-15,633505.04,0.0,203494.24,0.026092
2023-12-18,636224.47,0.0,204419.22,0.021665
2023-12-19,639475.33,0.0,205812.12,0.014999
2023-12-20,629972.88,0.01486,204691.27,0.020363
2023-12-21,637302.87,0.003397,206138.56,0.013437
2023-12-22,638256.27,0.001906,207052.67,0.009062
2023-12-26,642163.51,0.0,208630.56,0.00151
2023-12-27,643132.5,0.0,209577.29,0.0
2023-12-28,642819.9,0.000486,208358.51,0.005815
2023-12-29,640037.95,0.004812,208032.05,0.007373
2024-01-02,639207.07,0.006104,217542.36,0.0
2024-01-03,632443.3,0.016621,215728.75,0.008337
2024-01-04,629188.46,0.021681,215945.47,0.007341
2024-01-05,629934.7,0.020521,215979.69,0.007183
2024-01-08,642954.16,0.000277,214291.53,0.014943
2024-01-09,644224.33,0.0,214359.97,0.014629
2024-01-10,648590.61,0.0,213869.5,0.016883
2024-01-11,649940.19,0.0,214291.53,0.014943
2024-01-12,650273.6,0.0,216390.32,0.005296
2024-01-16,650210.08,9.8e-05,214337.17,0.014734
2024-01-17,646542.41,0.005738,211976.04,0.025587
2024-01-18,655719.53,0.0,213721.21,0.017565
2024-01-19,668723.1,0.0,214359.97,0.014629
2024-01-22,669596.39,0.0,213550.13,0.018352
2024-01-23,672374.93,0.0,214382.79,0.014524
2024-01-24,676106.07,0.0,212614.8,0.022651
2024-01-25,676931.72,0.0,213458.87,0.018771
2024-01-26,672898.86,0.005958,213310.58,0.019453
2024-01-29,679789.63,0.0,214816.23,0.012531
2024-01-30,675264.57,0.006657,215112.79,0.011168
2024-01-31,662038.74,0.026112,214953.11,0.011902
2024-02-01,679834.54,0.0,227188.76,0.0
2024-02-02,691324.12,0.0,227211.42,0.0
2024-02-05,690421.71,0.001305,227256.71,0.0
2024-02-06,689035.85,0.00331,227279.36,0.0
2024-02-07,696126.18,0.0,227324.67,0.0
2024-02-08,697415.36,0.0,227392.61,0.0
2024-02-09,704280.06,0.0,227460.55,0.0
2024-02-12,701524.51,0.003913,227460.55,0.0
2024-02-13,690582.82,0.019449,227505.84,0.0
2024-02-14,698108.27,0.008763,227551.15,0.0
2024-02-15,700187.04,0.005812,227664.38,0.0
2024-02-16,693837.96,0.014827,227687.04,0.0
2024-02-20,688600.78,0.022263,227732.34,0.0
2024-02-21,685845.18,0.026175,227754.98,0.0
2024-02-22,705923.76,0.0,227845.58,0.0
2024-02-23,703844.99,0.002945,227913.52,0.0
2024-02-26,703474.34,0.00347,227936.17,0.0
2024-02-27,705166.38,0.001073,227981.48,0.0
2024-02-28,701411.7,0.006392,228004.12,0.0
2024-02-29,707422.39,0.0,228072.06,0.0
2024-03-01,728073.99,0.0,237211.42,0.0
2024-03-04,739850.58,0.0,236365.01,0.003568
2024-03-05,744304.59,0.0,232122.35,0.021454
2024-03-06,750419.35,0.0,233580.94,0.015305
2024-03-07,754684.62,0.0,237126.26,0.000359
2024-03-08,761063.62,0.0,233703.37,0.014789
2024-03-11,762460.19,0.0,232835.68,0.018447
2024-03-12,754118.4,0.010941,236173.38,0.004376
2024-03-13,759402.81,0.00401,234358.14,0.012028
2024-03-14,756232.2,0.008168,233767.26,0.014519
2024-03-15,753816.48,0.011337,230988.5,0.026234
2024-03-18,755024.31,0.009752,232883.59,0.018245
2024-03-19,754156.18,0.010891,233463.83,0.015799
2024-03-20,763139.58,0.0,236231.93,0.004129
2024-03-21,762346.96,0.001039,237349.83,0.0
2024-03-22,756232.2,0.009051,237621.32,0.0
2024-03-25,758647.91,0.005886,236758.95,0.003629
2024-03-26,761101.35,0.002671,235992.39,0.006855
2024-03-27,766612.22,0.0,236796.2,0.003472
2024-03-28,776501.54,0.0,236359.7,0.005309
2024-04-01,794428.13,0.0,246860.09,0.0
2024-04-02,806163.71,0.0,244729.63,0.00863
2024-04-03,813235.68,0.0,245278.9,0.006405
2024-04-04,808572.01,0.005735,241528.42,0.021598
2024-04-05,822410.07,0.0,244374.56,0.010069
2024-04-08,827532.44,0.0,244446.69,0.009776
2024-04-09,832081.43,0.0,245351.02,0.006113
2024-04-10,824206.74,0.009464,243209.47,0.014788
2024-04-11,840223.75,0.0,247093.1,0.0
2024-04-12,829099.75,0.013239,243153.99,0.015942
2024-04-15,844619.8,0.0,239153.86,0.032131
2024-04-16,845651.94,0.0,239176.05,0.032041
2024-04-17,839420.96,0.007368,236257.78,0.043851
2024-04-18,842287.97,0.003978,234909.61,0.049307
2024-04-19,844925.62,0.000859,230049.52,0.068976
2024-04-22,824053.85,0.02554,232363.06,0.059613
2024-04-23,822027.78,0.027936,235830.58,0.04558
2024-04-24,820498.74,0.029744,236629.5,0.042347
2024-04-25,825391.76,0.023958,235486.61,0.046972
2024-04-26,828067.62,0.020794,239120.57,0.032265
2024-04-29,826385.63,0.022783,240091.48,0.028336
2024-04-30,809909.91,0.042266,235564.27,0.046658
2024-05-01,827249.44,0.021761,243861.02,0.01308
2024-05-02,837807.91,0.009276,243958.26,0.012687
2024-05-03,854646.53,0.0,244006.9,0.01249
2024-05-06,864007.82,0.0,244031.19,0.012392
2024-05-07,864145.21,0.0,244031.19,0.012392
2024-05-08,863634.93,0.000591,244104.14,0.012096
2024-05-09,865518.95,0.0,244177.07,0.011801
2024-05-10,867560.01,0.0,244250.0,0.011506
2024-05-13,869561.78,0.0,244274.32,0.011408
2024-05-14,875155.03,0.0,244274.32,0.011408
2024-05-15,888833.93,0.0,244322.93,0.011211
2024-05-16,887028.42,0.002031,244444.49,0.010719
2024-05-17,886596.66,0.002517,244468.79,0.010621
2024-05-20,892778.65,0.0,244493.1,0.010522
2024-05-21,894525.28,0.0,244541.72,0.010326
2024-05-22,894348.66,0.000197,244566.03,0.010227
2024-05-23,890325.47,0.004695,244736.21,0.009538
2024-05-24,898744.78,0.0,244760.52,0.00944
2024-05-28,902139.94,0.0,244784.84,0.009342
2024-05-29,895781.33,0.007048,244784.84,0.009342
2024-05-30,886184.49,0.017686,244833.45,0.009145
2024-05-31,884535.96,0.019514,244930.7,0.008751
2024-06-03,899285.33,0.003164,253909.65,0.0
2024-06-04,901746.23,0.000436,253960.26,0.0
2024-06-05,919925.24,0.0,254010.88,0.0
2024-06-06,919607.7,0.000345,254010.88,0.0
2024-06-07,918794.0,0.00123,254112.12,0.0
2024-06-10,922505.21,0.0,254162.72,0.0
2024-06-11,928836.11,0.0,254213.33,0.0
2024-06-12,941001.77,0.0,254263.95,0.0
2024-06-13,946102.22,0.0,254289.27,0.0
2024-06-14,951004.21,0.0,254415.79,0.0
2024-06-17,962653.84,0.0,254441.11,0.0
2024-06-18,962951.52,0.0,254517.02,0.0
2024-06-20,955529.11,0.007708,254542.34,0.0
2024-06-21,952968.95,0.010367,254643.57,0.0
2024-06-24,940624.68,0.023186,254668.86,0.0
2024-06-25,951381.29,0.012015,254719.49,0.0
2024-06-26,953346.03,0.009975,254744.8,0.0
2024-06-27,955806.92,0.007419,254770.1,0.0
2024-06-28,950845.4,0.012572,254871.33,0.0
2024-07-01,966422.21,0.0,263859.03,0.0
2024-07-02,966377.33,4.6e-05,266629.46,0.0
2024-07-03,977271.3,0.0,268852.37,0.0
2024-07-05,990451.56,0.0,271655.65,0.0
2024-07-08,978167.91,0.012402,272301.72,0.0
2024-07-09,979826.64,0.010727,272537.14,0.0
2024-07-10,983413.13,0.007106,275378.75,0.0
2024-07-11,1000852.39,0.0,269339.65,0.02193
2024-07-12,1000224.76,0.000627,270921.98,0.016184
2024-07-15,1003452.6,0.0,271650.17,0.01354
2024-07-16,1023447.19,0.0,271754.2,0.013162
2024-07-17,1018695.12,0.004643,263776.88,0.042131
2024-07-18,1012194.63,0.010995,262528.55,0.046664
2024-07-19,994038.06,0.028735,260201.6,0.055114
2024-07-22,994351.91,0.028429,264078.03,0.041037
2024-07-23,997848.72,0.025012,263147.24,0.044417
2024-07-24,994351.91,0.028429,253708.07,0.078694
2024-07-25,978795.54,0.043629,250910.25,0.088854
2024-07-26,989106.69,0.033554,253483.59,0.079509
2024-07-29,987716.94,0.034912,253992.77,0.07766
2024-07-30,997579.75,0.025275,250505.1,0.090325
2024-07-31,1015646.64,0.007622,257918.47,0.063405
2024-08-01,1022149.83,0.001268,261671.31,0.049777
2024-08-02,1020203.01,0.00317,261801.74,0.049303
2024-08-05,1007254.66,0.015822,261827.84,0.049208
2024-08-06,999195.91,0.023696,261880.0,0.049019
2024-08-07,998516.82,0.024359,261880.0,0.049019
2024-08-08,1014181.57,0.009053,261958.29,0.048735
2024-08-09,1016671.65,0.00662,262036.55,0.04845
2024-08-12,1034102.15,0.0,262088.72,0.048261
2024-08-13,1032517.53,0.001532,262140.91,0.048071
2024-08-14,1024096.57,0.009676,262193.08,0.047882
2024-08-15,1027311.05,0.006567,262219.17,0.047787
2024-08-16,1050310.23,0.0,262323.53,0.047408
2024-08-19,1048589.79,0.001638,262349.61,0.047314
2024-08-20,1052438.11,0.0,262375.7,0.047219
2024-08-21,1051034.56,0.001334,262453.96,0.046935
2024-08-22,1038448.41,0.013293,262453.96,0.046935
2024-08-23,1050446.04,0.001893,262558.32,0.046556
2024-08-26,1053796.27,0.0,262610.51,0.046366
2024-08-27,1056648.55,0.0,262636.58,0.046271
2024-08-28,1049223.63,0.007027,262662.68,0.046177
2024-08-29,1054656.49,0.001885,262688.77,0.046082
2024-08-30,1047140.99,0.008998,262819.21,0.045608
2024-09-03,1052613.6,0.003819,271775.65,0.013084
2024-09-04,1053253.51,0.003213,271802.74,0.012986
2024-09-05,1062029.54,0.0,271883.99,0.012691
2024-09-06,1054167.73,0.007403,271992.34,0.012297
2024-09-09,1058601.43,0.003228,272019.43,0.012199
2024-09-10,1063263.61,0.0,272073.59,0.012002
2024-09-11,1061572.43,0.001591,272073.59,0.012002
2024-09-12,1080221.38,0.0,272100.68,0.011904
2024-09-13,1090962.76,0.0,272263.19,0.011314
2024-09-16,1090871.39,8.4e-05,272317.37,0.011117
2024-09-17,1084837.88,0.005614,272317.37,0.011117
2024-09-18,1076473.27,0.013281,272398.62,0.010822
2024-09-19,1093202.48,0.0,272452.78,0.010625
2024-09-20,1107097.81,0.0,272561.13,0.010232
2024-09-23,1109246.03,0.0,272642.4,0.009937
2024-09-24,1124741.17,0.0,272669.47,0.009838
2024-09-25,1123187.04,0.001382,272669.47,0.009838
2024-09-26,1128900.56,0.0,272696.56,0.00974
2024-09-27,1119941.8,0.007936,272804.91,0.009347
2024-09-30,1110982.96,0.015872,272804.91,0.009347
2024-10-01,1132638.56,0.0,281748.58,0.0
2024-10-02,1132869.15,0.0,281748.58,0.0
2024-10-03,1132085.2,0.000692,281776.64,0.0
2024-10-04,1129825.52,0.002687,281888.97,0.0
2024-10-07,1125997.94,0.006065,281917.06,0.0
2024-10-08,1117697.17,0.013393,281945.15,0.0
2024-10-09,1111609.98,0.018766,282001.31,0.0
2024-10-10,1119772.42,0.011561,282057.48,0.0
2024-10-11,1131992.95,0.000773,282169.81,0.0
2024-10-14,1130148.37,0.002402,282169.81,0.0
2024-10-15,1134068.13,0.0,282225.97,0.0
2024-10-16,1139740.29,0.0,282282.12,0.0
2024-10-17,1146565.41,0.0,282282.12,0.0
2024-10-18,1158739.85,0.0,282394.45,0.0
2024-10-21,1158509.26,0.000199,282450.63,0.0
2024-10-22,1171006.48,0.0,282478.7,0.0
2024-10-23,1156895.2,0.012051,282478.7,0.0
2024-10-24,1165795.49,0.00445,282562.96,0.0
2024-10-25,1168193.51,0.002402,282675.29,0.0
2024-10-28,1168239.6,0.002363,282675.29,0.0
2024-10-29,1180967.41,0.0,282731.45,0.0
2024-10-30,1187469.68,0.0,282731.45,0.0
2024-10-31,1169069.64,0.015495,282787.6,0.0
2024-11-01,1174273.68,0.011113,291776.64,0.0
2024-11-04,1170852.78,0.013994,292192.69,0.0
2024-11-05,1185789.23,0.001415,292851.42,0.0
2024-11-06,1217999.06,0.0,283952.63,0.030387
2024-11-07,1237175.57,0.0,288517.59,0.014799
2024-11-08,1238621.13,0.0,286564.49,0.021468
2024-11-11,1237898.42,0.000583,279838.38,0.044436
2024-11-12,1235657.82,0.002392,277423.0,0.052683
2024-11-13,1234067.87,0.003676,274626.23,0.062234
2024-11-14,1225491.43,0.0106,273909.69,0.06468
2024-11-15,1196293.0,0.034174,273424.31,0.066338
2024-11-18,1204604.4,0.027463,278624.9,0.048579
2024-11-19,1212891.75,0.020773,281121.2,0.040055
2024-11-20,1212193.16,0.021337,282704.48,0.034649
2024-11-21,1216553.65,0.017816,285062.1,0.026598
2024-11-22,1218505.02,0.016241,288737.18,0.014049
2024-11-25,1220432.28,0.014685,280231.31,0.043094
2024-11-26,1226985.07,0.009394,280774.49,0.041239
2024-11-27,1217324.51,0.017194,281398.57,0.039108
2024-11-29,1228020.97,0.008558,283825.5,0.030821
2024-12-02,1251391.52,0.0,291340.78,0.005158
2024-12-03,1253910.29,0.0,292234.11,0.002108
2024-12-04,1257714.25,0.0,295846.97,0.0
2024-12-05,1248410.05,0.007398,295027.14,0.002771
2024-12-06,1248872.67,0.00703,297667.52,0.0
2024-12-09,1261261.18,0.0,295349.42,0.007788
2024-12-10,1277864.81,0.0,294343.01,0.011169
2024-12-11,1290047.73,0.0,299612.46,0.0
2024-12-12,1271130.83,0.014664,297678.83,0.006454
2024-12-13,1255760.85,0.026578,299957.38,0.0
2024-12-16,1258793.78,0.024227,304276.95,0.0
2024-12-17,1253961.74,0.027973,302936.97,0.004404
2024-12-18,1229904.39,0.046621,292007.94,0.040322
2024-12-19,1231652.2,0.045266,290707.54,0.044596
2024-12-20,1244503.33,0.035304,293246.15,0.036252
2024-12-23,1238643.22,0.039847,295626.46,0.02843
2024-12-24,1241110.61,0.037934,299635.1,0.015255
2024-12-26,1249489.58,0.031439,299431.54,0.015924
2024-12-27,1240904.95,0.038094,295451.19,0.029006
2024-12-30,1236946.86,0.041162,291521.71,0.04192
2024-12-31,1244657.54,0.035185,289045.31,0.050058
2025-01-02,1271569.59,0.014324,298479.91,0.019052
2025-01-03,1261569.92,0.022075,298569.17,0.018759
2025-01-06,1260015.54,0.02328,298569.17,0.018759
2025-01-07,1267113.76,0.017778,298628.66,0.018563
2025-01-08,1273849.33,0.012556,298688.16,0.018367
2025-01-10,1286025.18,0.003118,298807.13,0.017976
2025-01-13,1273227.61,0.013038,298866.64,0.017781
2025-01-14,1279911.32,0.007857,298896.39,0.017683
2025-01-15,1289496.57,0.000427,298926.12,0.017585
2025-01-16,1298408.24,0.0,298926.12,0.017585
2025-01-17,1291517.23,0.005307,299074.86,0.017097
2025-01-21,1311516.66,0.0,299104.62,0.016999
2025-01-22,1318252.15,0.0,299164.1,0.016803
2025-01-23,1316387.0,0.001415,299193.86,0.016705
2025-01-24,1324573.22,0.0,299283.09,0.016412
2025-01-27,1310791.3,0.010405,299283.09,0.016412
2025-01-28,1322138.05,0.001838,299372.33,0.016119
2025-01-29,1317060.5,0.005672,299372.33,0.016119
2025-01-30,1337008.07,0.0,299431.84,0.015923
2025-01-31,1339650.53,0.0,299491.32,0.015728
2025-02-03,1356800.61,0.0,308479.91,0.0
2025-02-04,1370162.94,0.0,312266.62,0.0
2025-02-05,1378671.03,0.0,313683.66,0.0
2025-02-06,1375017.2,0.00265,315320.99,0.0
2025-02-07,1377470.45,0.000871,311343.76,0.012613
2025-02-10,1400802.37,0.0,315112.62,0.000661
2025-02-11,1395687.2,0.003652,314362.42,0.00304
2025-02-12,1397148.7,0.002608,314546.99,0.002455
2025-02-13,1410928.54,0.0,319072.01,0.0
2025-02-14,1389945.53,0.014872,320411.65,0.0
2025-02-18,1412964.29,0.0,321138.01,0.0
2025-02-19,1413747.21,0.0,321227.33,0.0
2025-02-20,1414477.88,0.0,319863.86,0.004245
2025-02-21,1413172.96,0.000923,313225.23,0.024911
2025-02-24,1420845.88,0.0,309527.81,0.036421
2025-02-25,1402107.29,0.013188,305627.99,0.048562
2025-02-26,1404247.37,0.011682,306366.27,0.046263
2025-02-27,1382846.7,0.026744,297858.08,0.07275
2025-02-28,1374182.03,0.032842,302561.71,0.058107
2025-03-03,1402294.29,0.013057,305940.9,0.047588
2025-03-04,1414490.93,0.004473,305017.63,0.050462
2025-03-05,1417434.93,0.002401,308993.86,0.038084
2025-03-06,1410232.65,0.00747,300493.63,0.064545
2025-03-07,1410968.73,0.006952,302703.32,0.057666
2025-03-10,1398614.37,0.015647,290971.63,0.094188
2025-03-11,1415016.68,0.004103,290276.1,0.096353
2025-03-12,1421167.47,0.0,293550.64,0.086159
2025-03-13,1446401.92,0.0,288269.52,0.1026
2025-03-14,1446980.13,0.0,295237.14,0.080909
2025-03-17,1454813.41,0.0,297151.37,0.07495
2025-03-18,1471793.92,0.0,292085.71,0.09072
2025-03-19,1477839.62,0.0,295994.23,0.078552
2025-03-20,1475947.12,0.001281,294990.94,0.081675
2025-03-21,1464065.89,0.00932,295963.44,0.078648
2025-03-24,1457547.07,0.013731,302007.78,0.059832
2025-03-25,1463960.81,0.009391,303731.21,0.054466
2025-03-26,1462751.6,0.01021,298142.36,0.071865
2025-03-27,1482360.86,0.0,296443.54,0.077153
2025-03-28,1493348.3,0.0,288638.83,0.10145
2025-03-31,1514797.6,0.0,288626.53,0.101488
2025-04-01,1521800.98,0.0,300953.17,0.063115
2025-04-02,1524923.2,0.0,300983.17,0.063021
2025-04-03,1515715.29,0.006038,301043.14,0.062835
2025-04-04,1480259.28,0.029289,301133.13,0.062554
2025-04-07,1448454.71,0.050146,301163.1,0.062461
2025-04-08,1456339.8,0.044975,301163.1,0.062461
2025-04-09,1510211.63,0.009647,301223.09,0.062274
2025-04-10,1547096.41,0.0,301223.09,0.062274
2025-04-11,1576625.32,0.0,301373.03,0.061808
2025-04-14,1567629.13,0.005706,301403.03,0.061714
2025-04-15,1575831.56,0.000503,301433.03,0.061621
2025-04-16,1627110.4,0.0,301493.0,0.061434
2025-04-17,1619966.26,0.004391,301612.96,0.061061
2025-04-21,1670080.86,0.0,301612.96,0.061061
2025-04-22,1646372.95,0.014196,301642.96,0.060967
2025-04-23,1606895.18,0.037834,301732.92,0.060687
2025-04-24,1630285.59,0.023828,301732.92,0.060687
2025-04-25,1612610.55,0.034412,301852.89,0.060314
2025-04-28,1635577.52,0.02066,301852.89,0.060314
2025-04-29,1619648.75,0.030197,301882.89,0.06022
2025-04-30,1607530.18,0.037454,301972.85,0.05994
2025-05-01,1584138.1,0.05146,311013.16,0.031797
2025-05-02,1607652.84,0.03738,311106.12,0.031508
2025-05-05,1598115.41,0.043091,311137.11,0.031411
2025-05-06,1583250.17,0.051992,311137.11,0.031411
2025-05-07,1589465.91,0.04827,311168.08,0.031315
2025-05-08,1605876.97,0.038444,311261.04,0.031026
2025-05-09,1604824.54,0.039074,311354.02,0.030736
2025-05-12,1670205.44,0.0,311354.02,0.030736
2025-05-13,1695660.65,0.0,311415.98,0.030543
2025-05-14,1705822.86,0.0,311446.97,0.030447
2025-05-15,1707697.48,0.0,311446.97,0.030447
2025-05-16,1715130.15,0.0,311570.92,0.030061
2025-05-19,1716774.54,0.0,311601.89,0.029965
2025-05-20,1711052.1,0.003333,311663.88,0.029772
2025-05-21,1687274.1,0.017184,311694.85,0.029675
2025-05-22,1690431.4,0.015345,311756.84,0.029482
2025-05-23,1674776.79,0.024463,311849.79,0.029193
2025-05-27,1714176.28,0.001513,311880.79,0.029096
2025-05-28,1706579.21,0.005939,311973.74,0.028807
2025-05-29,1709933.83,0.003985,311973.74,0.028807
2025-05-30,1707237.01,0.005555,312066.7,0.028518
2025-06-02,1730721.11,0.0,321044.13,0.00057
2025-06-03,1744250.27,0.0,318201.11,0.009421
2025-06-04,1749112.97,0.0,320250.95,0.00304
2025-06-05,1735947.43,0.007527,318633.72,0.008074
2025-06-06,1752916.92,0.0,314358.91,0.021382
2025-06-09,1755497.17,0.0,315842.22,0.016764
2025-06-10,1767107.9,0.0,315934.93,0.016476
2025-06-11,1761153.54,0.00337,317644.86,0.011152
2025-06-12,1765288.4,0.00103,321590.07,0.0
2025-06-13,1743125.7,0.013571,325803.08,0.0
2025-06-16,1767372.39,0.0,321157.43,0.014259
2025-06-17,1750138.41,0.009751,321322.24,0.013753
2025-06-18,1749840.61,0.00992,319591.72,0.019065
2025-06-20,1742695.66,0.013962,319457.8,0.019476
2025-06-23,1758639.71,0.004941,320436.36,0.016472
2025-06-24,1785532.87,0.0,315399.3,0.031933
2025-06-25,1790097.57,0.0,316357.26,0.028992
2025-06-26,1806835.49,0.0,316007.04,0.030067
2025-06-27,1813021.43,0.0,310279.81,0.047646
2025-06-30,1824764.4,0.0,313998.38,0.036233
2025-07-01,1819382.63,0.002949,326800.19,0.0
2025-07-02,1832055.33,0.0,328606.61,0.0
2025-07-03,1850083.13,0.0,326364.55,0.006823
2025-07-07,1836146.66,0.007533,326608.93,0.006079
2025-07-08,1837177.77,0.006976,323198.02,0.016459
2025-07-09,1850183.01,0.0,324643.13,0.012061
2025-07-10,1847522.11,0.001438,325365.72,0.009863
2025-07-11,1843364.4,0.003685,328489.74,0.000356
2025-07-14,1850050.04,7.2e-05,327289.0,0.00401
2025-07-15,1851746.21,0.0,325928.89,0.008149
2025-07-16,1853642.15,0.0,327554.65,0.003201
2025-07-17,1868643.22,0.0,326842.7,0.005368
2025-07-18,1866847.16,0.000961,327692.79,0.002781
2025-07-21,1876526.23,0.0,332729.47,0.0
2025-07-22,1866813.87,0.005176,335885.37,0.0
2025-07-23,1875328.86,0.000638,331720.0,0.012401
2025-07-24,1879320.31,0.0,329690.44,0.018444
2025-07-25,1883843.85,0.0,326640.81,0.027523
2025-07-28,1889731.24,0.0,324526.26,0.033818
2025-07-29,1886804.19,0.001549,325418.83,0.031161
2025-07-30,1889332.12,0.000211,319797.71,0.047896
2025-07-31,1879320.31,0.005509,321922.89,0.041569
2025-08-01,1852300.0,0.019808,338457.83,0.0
2025-08-04,1863086.37,0.0141,338525.27,0.0
2025-08-05,1864584.46,0.013307,338558.97,0.0
2025-08-06,1860629.47,0.0154,338592.69,0.0
2025-08-07,1876329.44,0.007092,338592.69,0.0
2025-08-08,1875909.93,0.007314,338761.27,0.0
2025-08-11,1848944.29,0.021583,338794.97,0.0
2025-08-12,1847266.43,0.022471,338794.97,0.0
2025-08-13,1852899.27,0.019491,338862.41,0.0
2025-08-14,1841154.29,0.025706,338896.11,0.0
2025-08-15,1842232.87,0.025135,338997.27,0.0
2025-08-18,1839356.65,0.026657,339098.41,0.0
2025-08-19,1829289.34,0.031984,339098.41,0.0
2025-08-20,1847805.72,0.022186,339165.83,0.0
2025-08-21,1841394.03,0.025579,339165.83,0.0
2025-08-22,1861108.78,0.015146,339300.69,0.0
2025-08-25,1856614.51,0.017525,339368.13,0.0
2025-08-26,1870097.33,0.01039,339368.13,0.0
2025-08-27,1873872.55,0.008392,339401.83,0.0
2025-08-28,1887774.88,0.001035,339435.55,0.0
2025-08-29,1905991.72,0.0,339637.82,0.0
2025-09-02,1961054.25,0.0,348457.83,0.0
2025-09-03,1976413.21,0.0,348492.55,0.0
2025-09-04,1967679.67,0.004419,348561.96,0.0
2025-09-05,1993940.21,0.0,348631.39,0.0
2025-09-08,2016647.33,0.0,348735.52,0.0
2025-09-09,2012069.73,0.00227,348735.52,0.0
2025-09-10,2019297.5,0.0,348770.24,0.0
2025-09-11,2016285.96,0.001491,348839.65,0.0
2025-09-12,2020261.22,0.0,348943.77,0.0
2025-09-15,2041281.7,0.0,348943.77,0.0
2025-09-16,2045377.35,0.0,349013.21,0.0
2025-09-17,2029596.91,0.007715,349047.9,0.0
2025-09-18,2021465.72,0.011691,349117.34,0.0
2025-09-19,2042907.87,0.001207,349256.18,0.0
2025-09-22,2078263.31,0.0,349256.18,0.0
2025-09-23,2086755.88,0.0,349325.59,0.0
2025-09-24,2067843.5,0.009063,349360.31,0.0
2025-09-25,2076456.46,0.004936,349395.03,0.0
2025-09-26,2088442.33,0.0,349499.15,0.0
2025-09-29,2122894.35,0.0,349533.84,0.0
2025-09-30,2141023.88,0.0,349533.84,0.0
2025-10-01,2154396.78,0.0,358388.42,0.0
2025-10-02,2163253.58,0.0,358424.11,0.0
2025-10-03,2154146.77,0.00421,358566.94,0.0
2025-10-06,2170324.94,0.0,358566.94,0.0
2025-10-07,2158896.68,0.005266,358638.37,0.0
2025-10-08,2183645.88,0.0,358674.05,0.0
2025-10-09,2181003.14,0.00121,358709.77,0.0
2025-10-10,2105291.18,0.035883,358888.31,0.0
2025-10-13,2149968.39,0.015423,358852.6,0.0001
2025-10-14,2135647.37,0.021981,358888.31,0.0
2025-10-15,2150718.22,0.015079,358959.71,0.0
2025-10-16,2142754.26,0.018726,358995.43,0.0
2025-10-17,2156825.25,0.012282,359102.54,0.0
2025-10-20,2184002.92,0.0,359138.26,0.0
2025-10-21,2183431.61,0.000262,359209.66,0.0
2025-10-22,2162396.5,0.009893,359245.37,0.0
2025-10-23,2180574.6,0.00157,359281.09,0.0
2025-10-24,2203859.43,0.0,359388.2,0.0
2025-10-27,2243108.39,0.0,359423.92,0.0
2025-10-28,2260357.69,0.0,359459.61,0.0
2025-10-29,2270536.07,0.0,359495.32,0.0
2025-10-30,2235822.76,0.015289,359531.03,0.0
2025-10-31,2246608.21,0.010538,359638.15,0.0
2025-11-03,2267357.91,0.0014,368495.54,0.0
2025-11-04,2227640.15,0.018892,361015.78,0.020298
2025-11-05,2253401.41,0.007547,363365.24,0.013922
2025-11-06,2250696.15,0.008738,356596.72,0.03229
2025-11-07,2264468.21,0.002672,355471.55,0.035344
2025-11-10,2326381.31,0.0,363336.06,0.014001
2025-11-11,2335542.16,0.0,362368.32,0.016628
2025-11-12,2373169.53,0.0,362082.66,0.017403
2025-11-13,2353986.97,0.008083,354690.37,0.037464
2025-11-14,2311502.42,0.025985,354958.52,0.036736
2025-11-17,2285003.4,0.037151,351926.97,0.044963
2025-11-18,2301603.8,0.030156,347642.02,0.056591
2025-11-19,2305354.15,0.028576,349717.46,0.050959
2025-11-20,2304677.93,0.028861,341439.01,0.073424
2025-11-21,2301111.83,0.030363,344004.17,0.066463
2025-11-24,2337571.2,0.015,352801.45,0.04259
2025-11-25,2336833.25,0.015311,354976.03,0.036688
2025-11-26,2355524.03,0.007435,358112.51,0.028177
2025-11-28,2384789.84,0.0,361015.78,0.020298
2025-12-01,2406287.07,0.0,369803.15,0.0
2025-12-02,2390790.46,0.00644,372697.26,0.0
2025-12-03,2388567.94,0.007364,373608.04,0.0
2025-12-04,2390111.42,0.006722,373260.5,0.00093
2025-12-05,2385851.4,0.008493,374782.44,0.0
2025-12-08,2379554.06,0.01111,374063.44,0.001918
2025-12-09,2391778.31,0.00603,374524.79,0.000687
2025-12-10,2401965.25,0.001796,376058.72,0.0
2025-12-11,2427834.01,0.0,374842.38,0.003234
2025-12-12,2441416.72,0.0,367676.03,0.022291
2025-12-15,2443639.24,0.0,365830.51,0.027198
2025-12-16,2444195.06,0.0,366555.55,0.02527
2025-12-17,2465186.36,0.0,359760.69,0.043339
2025-12-18,2460741.13,0.001803,364973.67,0.029477
2025-12-19,2463519.28,0.000676,369731.25,0.016826
2025-12-22,2520381.26,0.0,371025.53,0.013384
2025-12-23,2553782.22,0.0,372763.16,0.008763
2025-12-24,2543224.67,0.004134,373853.7,0.005863
2025-12-26,2572921.23,0.0,373829.74,0.005927
2025-12-29,2460926.34,0.043528,372020.17,0.010739
2025-12-30,2462716.83,0.042832,371157.33,0.013034
2025-12-31,2446788.0,0.049023,368089.47,0.021192
2026-01-02,2468950.64,0.04041,377376.43,0.0
2026-01-05,2533916.57,0.01516,377414.0,0.0
2026-01-06,2561316.19,0.00451,377451.59,0.0
2026-01-07,2536830.12,0.014027,377489.18,0.0
2026-01-08,2550839.81,0.008582,377526.74,0.0
2026-01-09,2569312.99,0.001402,377601.93,0.0
2026-01-12,2617417.54,0.0,377677.08,0.0
2026-01-13,2613698.09,0.001421,377714.67,0.0
2026-01-14,2640415.9,0.0,377752.26,0.0
2026-01-15,2624236.33,0.006128,377789.83,0.0
2026-01-16,2611590.44,0.010917,377940.17,0.0
2026-01-20,2710403.03,0.0,377940.17,0.0
2026-01-21,2749890.84,0.0,377940.17,0.0
2026-01-22,2800660.93,0.0,378015.35,0.0
2026-01-23,2839156.87,0.0,378128.09,0.0
2026-01-26,2880690.46,0.0,378165.69,0.0
2026-01-27,2951359.39,0.0,378165.69,0.0
2026-01-28,3065793.48,0.0,378240.84,0.0
2026-01-29,3074100.16,0.0,378278.43,0.0
2026-01-30,2758259.57,0.102742,378353.59,0.0
2026-02-02,2657792.77,0.135424,387226.1,0.0
2026-02-03,2826794.38,0.080448,381276.77,0.015364
2026-02-04,2824803.15,0.081096,374616.22,0.032565
2026-02-05,2749573.82,0.105568,369223.5,0.046491
2026-02-06,2834074.54,0.07808,377028.13,0.026336
2026-02-09,2906068.26,0.054661,379916.21,0.018878
2026-02-10,2877258.32,0.064032,378153.65,0.023429
2026-02-11,2909801.77,0.053446,379167.89,0.02081
2026-02-12,2808749.33,0.086318,371456.04,0.040726
2026-02-13,2878627.26,0.063587,372247.61,0.038682
2026-02-17,2788899.72,0.092775,371864.19,0.039672
2026-02-18,2851621.87,0.072372,374640.95,0.032501
2026-02-19,2859586.6,0.069781,373206.18,0.036206
2026-02-20,2915961.93,0.051442,376508.63,0.027678
2026-02-23,2994738.1,0.025816,371932.21,0.039496
2026-02-24,2953234.31,0.039317,375927.3,0.029179
2026-02-25,2945829.78,0.041726,381375.7,0.015108
2026-02-26,2971092.89,0.033508,376774.55,0.026991
2026-02-27,3010107.54,0.020817,375568.6,0.030105
2026-03-02,3058997.82,0.004913,386063.38,0.003003
2026-03-03,3059607.44,0.004714,368840.23,0.047481
2026-03-04,3059607.44,0.004714,371723.87,0.040034
2026-03-05,3059912.24,0.004615,367256.58,0.051571
2026-03-06,3061131.01,0.004219,373071.17,0.036555
2026-03-09,3061435.81,0.00412,372299.03,0.038549
2026-03-10,3061435.81,0.00412,376498.45,0.027704
2026-03-11,3062045.43,0.003921,375222.08,0.031
2026-03-12,3062350.0,0.003822,367847.49,0.050045
2026-03-13,3063264.19,0.003525,363088.66,0.062334
2026-03-16,3063264.19,0.003525,362765.63,0.063168
2026-03-17,3063873.8,0.003327,361851.68,0.065529
2026-03-18,3064178.61,0.003227,350403.72,0.095093
2026-03-19,3064178.61,0.003227,335961.81,0.132389
2026-03-20,3065092.8,0.00293,325695.67,0.158901
2026-03-23,3065092.8,0.00293,318336.84,0.177904
2026-03-24,3066006.99,0.002633,318407.74,0.177721
2026-03-25,3066006.99,0.002633,327988.42,0.15298
2026-03-26,3066311.79,0.002534,315658.03,0.184822
2026-03-27,3067225.98,0.002236,326735.69,0.156215
2026-03-30,3067530.79,0.002137,326641.12,0.156459
2026-03-31,3067530.79,0.002137,339018.8,0.124494
2026-04-01,3069302.63,0.001561,354951.57,0.083348
2026-04-02,3072821.96,0.000416,348133.37,0.100956
2026-04-06,3091312.15,0.0,346706.49,0.104641
2026-04-07,3091785.05,0.0,350079.11,0.095931
2026-04-08,3183710.22,0.0,352284.28,0.090236
2026-04-09,3205246.85,0.0,355024.53,0.08316
2026-04-10,3209869.4,0.0,354392.17,0.084793
2026-04-13,3243067.56,0.0,352957.17,0.088499
2026-04-14,3301951.99,0.0,360845.53,0.068127
2026-04-15,3348177.47,0.0,357091.87,0.077821
2026-04-16,3364303.49,0.0,356783.79,0.078616
2026-04-17,3408322.54,0.0,361526.54,0.066368
2026-04-20,3397501.65,0.003175,358413.36,0.074408
2026-04-21,3384579.8,0.006966,348263.09,0.100621
2026-04-22,3441205.54,0.0,352876.12,0.088708
2026-04-23,3421822.45,0.005633,349454.86,0.097543
2026-04-24,3487273.29,0.0,351246.55,0.092916
2026-04-27,3489111.66,0.0,348522.53,0.099951
2026-04-28,3454022.55,0.010057,342052.94,0.116658
2026-04-29,3475139.18,0.004005,338404.67,0.12608
2026-04-30,3507549.27,0.0,343471.7,0.112994
2026-05-01,3551220.33,0.0,353082.55,0.088175
2026-05-04,3544530.25,0.001884,346015.56,0.106425
2026-05-05,3590517.17,0.0,348985.86,0.098754
2026-05-06,3665107.99,0.0,359573.83,0.071411
2026-05-07,3660735.71,0.001193,360174.57,0.06986
2026-05-08,3746546.43,0.0,361918.37,0.065356
2026-05-11,3757397.88,0.0,362652.61,0.06346
2026-05-12,3725528.36,0.008482,361217.51,0.067166
2026-05-13,3764878.24,0.0,359190.04,0.072402
2026-05-14,3791637.93,0.0,356445.0,0.079491
2026-05-15,3734430.78,0.015088,348168.21,0.100866
2026-05-18,3718364.36,0.019325,349119.36,0.09841
2026-05-19,3695449.99,0.025368,343337.28,0.113342
2026-05-20,3756660.64,0.009225,348259.97,0.100629
2026-05-21,3763824.64,0.007335,347917.89,0.101512
2026-05-22,3779785.61,0.003126,345272.99,0.108343
2026-05-26,3846896.38,0.0,345423.17,0.107955
2026-05-27,3842524.1,0.001137,340825.86,0.119827
2026-05-28,3874920.26,0.0,344396.9,0.110605
2026-05-29,3889195.84,0.0,348026.36,0.101232
2026-06-01,3922531.72,0.0,353137.04,0.088034
2026-06-02,3940593.21,0.0,354763.08,0.083835
2026-06-03,3930295.2,0.002613,353835.97,0.086229
2026-06-04,3911282.81,0.007438,352124.33,0.090649
2026-06-05,3723537.5,0.055082,335222.03,0.134299
