date,equity,drawdown,w_AAPL,w_AMZN,w_AVGO,w_GOOGL,w_META,w_MSFT,w_NVDA,w_PLTR,w_QQQ,w_SHY,w_SPY
2021-09-30,50000.0,0.0,0.0,0.0,0.0,0.3747,0.0,0.3825,0.2429,0.0,0.0,0.0,0.0
2021-10-01,50896.38,0.0,0.0,0.0,0.0,0.3747,0.0,0.3825,0.2429,0.0,0.0,0.0,0.0
2021-10-04,49501.96,0.027397,0.0,0.0,0.0,0.3747,0.0,0.3825,0.2429,0.0,0.0,0.0,0.0
2021-10-05,50631.92,0.005196,0.0,0.0,0.0,0.3747,0.0,0.3825,0.2429,0.0,0.0,0.0,0.0
2021-10-06,51284.02,0.0,0.0,0.0,0.0,0.3747,0.0,0.3825,0.2429,0.0,0.0,0.0,0.0
2021-10-07,51852.04,0.0,0.0,0.0,0.0,0.3747,0.0,0.3825,0.2429,0.0,0.0,0.0,0.0
2021-10-08,51787.3,0.001248,0.0,0.0,0.0,0.3747,0.0,0.3825,0.2429,0.0,0.0,0.0,0.0
2021-10-11,51544.11,0.005938,0.0,0.0,0.0,0.3747,0.0,0.3825,0.2429,0.0,0.0,0.0,0.0
2021-10-12,51096.42,0.014573,0.0,0.0,0.0,0.3747,0.0,0.3825,0.2429,0.0,0.0,0.0,0.0
2021-10-13,51641.33,0.004064,0.0,0.0,0.0,0.3747,0.0,0.3825,0.2429,0.0,0.0,0.0,0.0
2021-10-14,53044.88,0.0,0.0,0.0,0.0,0.3747,0.0,0.3825,0.2429,0.0,0.0,0.0,0.0
2021-10-15,53240.31,0.0,0.0,0.0,0.0,0.3747,0.0,0.3825,0.2429,0.0,0.0,0.0,0.0
2021-10-18,53855.66,0.0,0.0,0.0,0.0,0.3747,0.0,0.3825,0.2429,0.0,0.0,0.0,0.0
2021-10-19,54022.76,0.0,0.0,0.0,0.0,0.3747,0.0,0.3825,0.2429,0.0,0.0,0.0,0.0
2021-10-20,53653.0,0.006844,0.0,0.0,0.0,0.3747,0.0,0.3825,0.2429,0.0,0.0,0.0,0.0
2021-10-21,54239.14,0.0,0.0,0.0,0.0,0.3747,0.0,0.3825,0.2429,0.0,0.0,0.0,0.0
2021-10-22,53549.18,0.012721,0.0,0.0,0.0,0.3747,0.0,0.3825,0.2429,0.0,0.0,0.0,0.0
2021-10-25,53721.72,0.009539,0.0,0.0,0.0,0.3747,0.0,0.3825,0.2429,0.0,0.0,0.0,0.0
2021-10-26,55022.65,0.0,0.0,0.0,0.0,0.3747,0.0,0.3825,0.2429,0.0,0.0,0.0,0.0
2021-10-27,56707.41,0.0,0.0,0.0,0.0,0.3747,0.0,0.3825,0.2429,0.0,0.0,0.0,0.0
2021-10-28,57022.62,0.0,0.0,0.0,0.0,0.3747,0.0,0.3825,0.2429,0.0,0.0,0.0,0.0
2021-10-29,58183.9,0.0,0.0,0.0,0.3946,0.0,0.0,0.388,0.2174,0.0,0.0,0.0,0.0
2021-11-01,58005.53,0.003066,0.0,0.0,0.3946,0.0,0.0,0.388,0.2174,0.0,0.0,0.0,0.0
2021-11-02,58930.55,0.0,0.0,0.0,0.3946,0.0,0.0,0.388,0.2174,0.0,0.0,0.0,0.0
2021-11-03,59314.26,0.0,0.0,0.0,0.3946,0.0,0.0,0.388,0.2174,0.0,0.0,0.0,0.0
2021-11-04,61330.75,0.0,0.0,0.0,0.3946,0.0,0.0,0.388,0.2174,0.0,0.0,0.0,0.0
2021-11-05,61725.33,0.0,0.0,0.0,0.3946,0.0,0.0,0.388,0.2174,0.0,0.0,0.0,0.0
2021-11-08,62308.56,0.0,0.0,0.0,0.3946,0.0,0.0,0.388,0.2174,0.0,0.0,0.0,0.0
2021-11-09,62116.71,0.003079,0.0,0.0,0.3946,0.0,0.0,0.388,0.2174,0.0,0.0,0.0,0.0
2021-11-10,60789.59,0.024378,0.0,0.0,0.3946,0.0,0.0,0.388,0.2174,0.0,0.0,0.0,0.0
2021-11-11,61644.68,0.010655,0.0,0.0,0.3946,0.0,0.0,0.388,0.2174,0.0,0.0,0.0,0.0
2021-11-12,62270.16,0.000616,0.0,0.0,0.3946,0.0,0.0,0.388,0.2174,0.0,0.0,0.0,0.0
2021-11-15,62155.65,0.002454,0.0,0.0,0.3946,0.0,0.0,0.388,0.2174,0.0,0.0,0.0,0.0
2021-11-16,62603.34,0.0,0.0,0.0,0.3946,0.0,0.0,0.388,0.2174,0.0,0.0,0.0,0.0
2021-11-17,62191.3,0.006582,0.0,0.0,0.3946,0.0,0.0,0.388,0.2174,0.0,0.0,0.0,0.0
2021-11-18,63752.1,0.0,0.0,0.0,0.3946,0.0,0.0,0.388,0.2174,0.0,0.0,0.0,0.0
2021-11-19,64259.95,0.0,0.0,0.0,0.3946,0.0,0.0,0.388,0.2174,0.0,0.0,0.0,0.0
2021-11-22,62865.76,0.021696,0.0,0.0,0.3946,0.0,0.0,0.388,0.2174,0.0,0.0,0.0,0.0
2021-11-23,62696.54,0.024329,0.0,0.0,0.3946,0.0,0.0,0.388,0.2174,0.0,0.0,0.0,0.0
2021-11-24,63325.8,0.014537,0.0,0.0,0.3946,0.0,0.0,0.388,0.2174,0.0,0.0,0.0,0.0
2021-11-26,61670.66,0.040294,0.0,0.0,0.3946,0.0,0.0,0.388,0.2174,0.0,0.0,0.0,0.0
2021-11-29,63828.69,0.006711,0.0,0.0,0.3946,0.0,0.0,0.388,0.2174,0.0,0.0,0.0,0.0
2021-11-30,62616.77,0.025571,0.371,0.0,0.0,0.0,0.0,0.4967,0.1323,0.0,0.0,0.0,0.0
2021-12-01,62182.42,0.03233,0.371,0.0,0.0,0.0,0.0,0.4967,0.1323,0.0,0.0,0.0,0.0
2021-12-02,62159.96,0.03268,0.371,0.0,0.0,0.0,0.0,0.4967,0.1323,0.0,0.0,0.0,0.0
2021-12-03,60921.67,0.05195,0.371,0.0,0.0,0.0,0.0,0.4967,0.1323,0.0,0.0,0.0,0.0
2021-12-06,61542.67,0.042286,0.371,0.0,0.0,0.0,0.0,0.4967,0.1323,0.0,0.0,0.0,0.0
2021-12-07,63783.14,0.00742,0.371,0.0,0.0,0.0,0.0,0.4967,0.1323,0.0,0.0,0.0,0.0
2021-12-08,64182.56,0.001204,0.371,0.0,0.0,0.0,0.0,0.4967,0.1323,0.0,0.0,0.0,0.0
2021-12-09,63596.9,0.010318,0.371,0.0,0.0,0.0,0.0,0.4967,0.1323,0.0,0.0,0.0,0.0
2021-12-10,65091.58,0.0,0.371,0.0,0.0,0.0,0.0,0.4967,0.1323,0.0,0.0,0.0,0.0
2021-12-13,63764.01,0.020395,0.371,0.0,0.0,0.0,0.0,0.4967,0.1323,0.0,0.0,0.0,0.0
2021-12-14,62575.17,0.038659,0.371,0.0,0.0,0.0,0.0,0.4967,0.1323,0.0,0.0,0.0,0.0
2021-12-15,64398.3,0.010651,0.371,0.0,0.0,0.0,0.0,0.4967,0.1323,0.0,0.0,0.0,0.0
2021-12-16,61977.17,0.047847,0.371,0.0,0.0,0.0,0.0,0.4967,0.1323,0.0,0.0,0.0,0.0
2021-12-17,61568.45,0.054126,0.371,0.0,0.0,0.0,0.0,0.4967,0.1323,0.0,0.0,0.0,0.0
2021-12-20,60988.45,0.063036,0.371,0.0,0.0,0.0,0.0,0.4967,0.1323,0.0,0.0,0.0,0.0
2021-12-21,62476.64,0.040173,0.371,0.0,0.0,0.0,0.0,0.4967,0.1323,0.0,0.0,0.0,0.0
2021-12-22,63482.38,0.024722,0.371,0.0,0.0,0.0,0.0,0.4967,0.1323,0.0,0.0,0.0,0.0
2021-12-23,63772.67,0.020262,0.371,0.0,0.0,0.0,0.0,0.4967,0.1323,0.0,0.0,0.0,0.0
2021-12-27,65395.73,0.0,0.371,0.0,0.0,0.0,0.0,0.4967,0.1323,0.0,0.0,0.0,0.0
2021-12-28,64980.14,0.006355,0.371,0.0,0.0,0.0,0.0,0.4967,0.1323,0.0,0.0,0.0,0.0
2021-12-29,64976.51,0.006411,0.371,0.0,0.0,0.0,0.0,0.4967,0.1323,0.0,0.0,0.0,0.0
2021-12-30,64460.58,0.0143,0.3506,0.0,0.2695,0.0,0.0,0.3799,0.0,0.0,0.0,0.0,0.0
2021-12-31,64173.24,0.018694,0.3506,0.0,0.2695,0.0,0.0,0.3799,0.0,0.0,0.0,0.0,0.0
2022-01-03,64566.33,0.012683,0.3506,0.0,0.2695,0.0,0.0,0.3799,0.0,0.0,0.0,0.0,0.0
2022-01-04,64059.12,0.020439,0.3506,0.0,0.2695,0.0,0.0,0.3799,0.0,0.0,0.0,0.0,0.0
2022-01-05,61816.7,0.054729,0.3506,0.0,0.2695,0.0,0.0,0.3799,0.0,0.0,0.0,0.0,0.0
2022-01-06,61111.49,0.065513,0.3506,0.0,0.2695,0.0,0.0,0.3799,0.0,0.0,0.0,0.0,0.0
2022-01-07,60678.98,0.072126,0.3506,0.0,0.2695,0.0,0.0,0.3799,0.0,0.0,0.0,0.0,0.0
2022-01-10,60750.65,0.07103,0.3506,0.0,0.2695,0.0,0.0,0.3799,0.0,0.0,0.0,0.0,0.0
2022-01-11,61189.77,0.064316,0.3506,0.0,0.2695,0.0,0.0,0.3799,0.0,0.0,0.0,0.0,0.0
2022-01-12,61482.37,0.059841,0.3506,0.0,0.2695,0.0,0.0,0.3799,0.0,0.0,0.0,0.0,0.0
2022-01-13,59443.01,0.091026,0.3506,0.0,0.2695,0.0,0.0,0.3799,0.0,0.0,0.0,0.0,0.0
2022-01-14,59922.93,0.083687,0.3506,0.0,0.2695,0.0,0.0,0.3799,0.0,0.0,0.0,0.0,0.0
2022-01-18,58479.94,0.105753,0.3506,0.0,0.2695,0.0,0.0,0.3799,0.0,0.0,0.0,0.0,0.0
2022-01-19,57718.26,0.1174,0.3506,0.0,0.2695,0.0,0.0,0.3799,0.0,0.0,0.0,0.0,0.0
2022-01-20,56952.9,0.129104,0.3506,0.0,0.2695,0.0,0.0,0.3799,0.0,0.0,0.0,0.0,0.0
2022-01-21,55907.31,0.145092,0.3506,0.0,0.2695,0.0,0.0,0.3799,0.0,0.0,0.0,0.0,0.0
2022-01-24,56049.19,0.142923,0.3506,0.0,0.2695,0.0,0.0,0.3799,0.0,0.0,0.0,0.0,0.0
2022-01-25,55056.01,0.15811,0.3506,0.0,0.2695,0.0,0.0,0.3799,0.0,0.0,0.0,0.0,0.0
2022-01-26,56236.88,0.140053,0.3506,0.0,0.2695,0.0,0.0,0.3799,0.0,0.0,0.0,0.0,0.0
2022-01-27,56017.25,0.143411,0.3506,0.0,0.2695,0.0,0.0,0.3799,0.0,0.0,0.0,0.0,0.0
2022-01-28,58490.06,0.105598,0.3506,0.0,0.2695,0.0,0.0,0.3799,0.0,0.0,0.0,0.0,0.0
2022-01-31,59920.78,0.08372,0.0,0.0,0.0,0.0,0.0,0.0,0.0,0.0,0.0,1.0,0.0
2022-02-01,59899.65,0.084044,0.0,0.0,0.0,0.0,0.0,0.0,0.0,0.0,0.0,1.0,0.0
2022-02-02,59913.71,0.083828,0.0,0.0,0.0,0.0,0.0,0.0,0.0,0.0,0.0,1.0,0.0
2022-02-03,59864.44,0.084582,0.0,0.0,0.0,0.0,0.0,0.0,0.0,0.0,0.0,1.0,0.0
2022-02-04,59744.6,0.086414,0.0,0.0,0.0,0.0,0.0,0.0,0.0,0.0,0.0,1.0,0.0
2022-02-07,59758.74,0.086198,0.0,0.0,0.0,0.0,0.0,0.0,0.0,0.0,0.0,1.0,0.0
2022-02-08,59695.32,0.087168,0.0,0.0,0.0,0.0,0.0,0.0,0.0,0.0,0.0,1.0,0.0
2022-02-09,59688.25,0.087276,0.0,0.0,0.0,0.0,0.0,0.0,0.0,0.0,0.0,1.0,0.0
2022-02-10,59385.23,0.09191,0.0,0.0,0.0,0.0,0.0,0.0,0.0,0.0,0.0,1.0,0.0
2022-02-11,59568.49,0.089107,0.0,0.0,0.0,0.0,0.0,0.0,0.0,0.0,0.0,1.0,0.0
2022-02-14,59441.65,0.091047,0.0,0.0,0.0,0.0,0.0,0.0,0.0,0.0,0.0,1.0,0.0
2022-02-15,59462.72,0.090725,0.0,0.0,0.0,0.0,0.0,0.0,0.0,0.0,0.0,1.0,0.0
2022-02-16,59540.28,0.089539,0.0,0.0,0.0,0.0,0.0,0.0,0.0,0.0,0.0,1.0,0.0
2022-02-17,59575.49,0.089,0.0,0.0,0.0,0.0,0.0,0.0,0.0,0.0,0.0,1.0,0.0
2022-02-18,59582.56,0.088892,0.0,0.0,0.0,0.0,0.0,0.0,0.0,0.0,0.0,1.0,0.0
2022-02-22,59526.14,0.089755,0.0,0.0,0.0,0.0,0.0,0.0,0.0,0.0,0.0,1.0,0.0
2022-02-23,59490.93,0.090293,0.0,0.0,0.0,0.0,0.0,0.0,0.0,0.0,0.0,1.0,0.0
2022-02-24,59540.28,0.089539,0.0,0.0,0.0,0.0,0.0,0.0,0.0,0.0,0.0,1.0,0.0
2022-02-25,59540.28,0.089539,0.0,0.0,0.0,0.0,0.0,0.0,0.0,0.0,0.0,1.0,0.0
2022-02-28,59645.9,0.087924,0.0,0.0,0.0,0.0,0.0,0.0,0.0,0.0,0.0,1.0,0.0
2022-03-01,59786.88,0.085768,0.0,0.0,0.0,0.0,0.0,0.0,0.0,0.0,0.0,1.0,0.0
2022-03-02,59589.63,0.088784,0.0,0.0,0.0,0.0,0.0,0.0,0.0,0.0,0.0,1.0,0.0
2022-03-03,59589.63,0.088784,0.0,0.0,0.0,0.0,0.0,0.0,0.0,0.0,0.0,1.0,0.0
2022-03-04,59652.97,0.087816,0.0,0.0,0.0,0.0,0.0,0.0,0.0,0.0,0.0,1.0,0.0
2022-03-07,59575.49,0.089,0.0,0.0,0.0,0.0,0.0,0.0,0.0,0.0,0.0,1.0,0.0
2022-03-08,59498.0,0.090185,0.0,0.0,0.0,0.0,0.0,0.0,0.0,0.0,0.0,1.0,0.0
2022-03-09,59462.72,0.090725,0.0,0.0,0.0,0.0,0.0,0.0,0.0,0.0,0.0,1.0,0.0
2022-03-10,59413.44,0.091478,0.0,0.0,0.0,0.0,0.0,0.0,0.0,0.0,0.0,1.0,0.0
2022-03-11,59392.23,0.091803,0.0,0.0,0.0,0.0,0.0,0.0,0.0,0.0,0.0,1.0,0.0
2022-03-14,59237.26,0.094172,0.0,0.0,0.0,0.0,0.0,0.0,0.0,0.0,0.0,1.0,0.0
2022-03-15,59258.4,0.093849,0.0,0.0,0.0,0.0,0.0,0.0,0.0,0.0,0.0,1.0,0.0
2022-03-16,59201.98,0.094712,0.0,0.0,0.0,0.0,0.0,0.0,0.0,0.0,0.0,1.0,0.0
2022-03-17,59180.91,0.095034,0.0,0.0,0.0,0.0,0.0,0.0,0.0,0.0,0.0,1.0,0.0
2022-03-18,59166.77,0.09525,0.0,0.0,0.0,0.0,0.0,0.0,0.0,0.0,0.0,1.0,0.0
2022-03-21,58969.52,0.098267,0.0,0.0,0.0,0.0,0.0,0.0,0.0,0.0,0.0,1.0,0.0
2022-03-22,58927.17,0.098914,0.0,0.0,0.0,0.0,0.0,0.0,0.0,0.0,0.0,1.0,0.0
2022-03-23,58976.59,0.098158,0.0,0.0,0.0,0.0,0.0,0.0,0.0,0.0,0.0,1.0,0.0
2022-03-24,58958.91,0.098429,0.0,0.0,0.0,0.0,0.0,0.0,0.0,0.0,0.0,1.0,0.0
2022-03-25,58800.33,0.100854,0.0,0.0,0.0,0.0,0.0,0.0,0.0,0.0,0.0,1.0,0.0
2022-03-28,58743.91,0.101716,0.0,0.0,0.0,0.0,0.0,0.0,0.0,0.0,0.0,1.0,0.0
2022-03-29,58772.19,0.101284,0.0,0.0,0.0,0.0,0.0,0.0,0.0,0.0,0.0,1.0,0.0
2022-03-30,58814.47,0.100637,0.0,0.0,0.0,0.0,0.0,0.0,0.0,0.0,0.0,1.0,0.0
2022-03-31,58814.47,0.100637,0.0,0.0,0.0,0.0,0.0,0.0,0.0,0.0,0.0,1.0,0.0
2022-04-01,58666.43,0.102901,0.0,0.0,0.0,0.0,0.0,0.0,0.0,0.0,0.0,1.0,0.0
2022-04-04,58701.7,0.102362,0.0,0.0,0.0,0.0,0.0,0.0,0.0,0.0,0.0,1.0,0.0
2022-04-05,58596.01,0.103978,0.0,0.0,0.0,0.0,0.0,0.0,0.0,0.0,0.0,1.0,0.0
2022-04-06,58638.29,0.103332,0.0,0.0,0.0,0.0,0.0,0.0,0.0,0.0,0.0,1.0,0.0
2022-04-07,58680.57,0.102685,0.0,0.0,0.0,0.0,0.0,0.0,0.0,0.0,0.0,1.0,0.0
2022-04-08,58610.08,0.103763,0.0,0.0,0.0,0.0,0.0,0.0,0.0,0.0,0.0,1.0,0.0
2022-04-11,58624.15,0.103548,0.0,0.0,0.0,0.0,0.0,0.0,0.0,0.0,0.0,1.0,0.0
2022-04-12,58772.19,0.101284,0.0,0.0,0.0,0.0,0.0,0.0,0.0,0.0,0.0,1.0,0.0
2022-04-13,58800.33,0.100854,0.0,0.0,0.0,0.0,0.0,0.0,0.0,0.0,0.0,1.0,0.0
2022-04-14,58694.71,0.102469,0.0,0.0,0.0,0.0,0.0,0.0,0.0,0.0,0.0,1.0,0.0
2022-04-18,58694.71,0.102469,0.0,0.0,0.0,0.0,0.0,0.0,0.0,0.0,0.0,1.0,0.0
2022-04-19,58560.8,0.104516,0.0,0.0,0.0,0.0,0.0,0.0,0.0,0.0,0.0,1.0,0.0
2022-04-20,58596.01,0.103978,0.0,0.0,0.0,0.0,0.0,0.0,0.0,0.0,0.0,1.0,0.0
2022-04-21,58497.31,0.105487,0.0,0.0,0.0,0.0,0.0,0.0,0.0,0.0,0.0,1.0,0.0
2022-04-22,58483.24,0.105702,0.0,0.0,0.0,0.0,0.0,0.0,0.0,0.0,0.0,1.0,0.0
2022-04-25,58574.87,0.104301,0.0,0.0,0.0,0.0,0.0,0.0,0.0,0.0,0.0,1.0,0.0
2022-04-26,58680.57,0.102685,0.0,0.0,0.0,0.0,0.0,0.0,0.0,0.0,0.0,1.0,0.0
2022-04-27,58652.43,0.103115,0.0,0.0,0.0,0.0,0.0,0.0,0.0,0.0,0.0,1.0,0.0
2022-04-28,58610.08,0.103763,0.0,0.0,0.0,0.0,0.0,0.0,0.0,0.0,0.0,1.0,0.0
2022-04-29,58497.31,0.105487,0.0,0.0,0.0,0.0,0.0,0.0,0.0,0.0,0.0,1.0,0.0
2022-05-02,58490.31,0.105594,0.0,0.0,0.0,0.0,0.0,0.0,0.0,0.0,0.0,1.0,0.0
2022-05-03,58462.1,0.106026,0.0,0.0,0.0,0.0,0.0,0.0,0.0,0.0,0.0,1.0,0.0
2022-05-04,58617.15,0.103655,0.0,0.0,0.0,0.0,0.0,0.0,0.0,0.0,0.0,1.0,0.0
2022-05-05,58518.52,0.105163,0.0,0.0,0.0,0.0,0.0,0.0,0.0,0.0,0.0,1.0,0.0
2022-05-06,58511.45,0.105271,0.0,0.0,0.0,0.0,0.0,0.0,0.0,0.0,0.0,1.0,0.0
2022-05-09,58659.5,0.103007,0.0,0.0,0.0,0.0,0.0,0.0,0.0,0.0,0.0,1.0,0.0
2022-05-10,58624.22,0.103547,0.0,0.0,0.0,0.0,0.0,0.0,0.0,0.0,0.0,1.0,0.0
2022-05-11,58631.29,0.103439,0.0,0.0,0.0,0.0,0.0,0.0,0.0,0.0,0.0,1.0,0.0
2022-05-12,58715.92,0.102145,0.0,0.0,0.0,0.0,0.0,0.0,0.0,0.0,0.0,1.0,0.0
2022-05-13,58694.78,0.102468,0.0,0.0,0.0,0.0,0.0,0.0,0.0,0.0,0.0,1.0,0.0
2022-05-16,58729.98,0.101929,0.0,0.0,0.0,0.0,0.0,0.0,0.0,0.0,0.0,1.0,0.0
2022-05-17,58603.08,0.10387,0.0,0.0,0.0,0.0,0.0,0.0,0.0,0.0,0.0,1.0,0.0
2022-05-18,58631.29,0.103439,0.0,0.0,0.0,0.0,0.0,0.0,0.0,0.0,0.0,1.0,0.0
2022-05-19,58715.92,0.102145,0.0,0.0,0.0,0.0,0.0,0.0,0.0,0.0,0.0,1.0,0.0
2022-05-20,58758.19,0.101498,0.0,0.0,0.0,0.0,0.0,0.0,0.0,0.0,0.0,1.0,0.0
2022-05-23,58729.98,0.101929,0.0,0.0,0.0,0.0,0.0,0.0,0.0,0.0,0.0,1.0,0.0
2022-05-24,58863.89,0.099882,0.0,0.0,0.0,0.0,0.0,0.0,0.0,0.0,0.0,1.0,0.0
2022-05-25,58906.24,0.099234,0.0,0.0,0.0,0.0,0.0,0.0,0.0,0.0,0.0,1.0,0.0
2022-05-26,58920.38,0.099018,0.0,0.0,0.0,0.0,0.0,0.0,0.0,0.0,0.0,1.0,0.0
2022-05-27,58934.45,0.098803,0.0,0.0,0.0,0.0,0.0,0.0,0.0,0.0,0.0,1.0,0.0
2022-05-31,58842.82,0.100204,0.0,0.0,0.0,0.0,0.0,0.0,0.0,0.0,0.0,1.0,0.0
2022-06-01,58687.71,0.102576,0.0,0.0,0.0,0.0,0.0,0.0,0.0,0.0,0.0,1.0,0.0
2022-06-02,58701.78,0.102361,0.0,0.0,0.0,0.0,0.0,0.0,0.0,0.0,0.0,1.0,0.0
2022-06-03,58680.64,0.102684,0.0,0.0,0.0,0.0,0.0,0.0,0.0,0.0,0.0,1.0,0.0
2022-06-06,58603.08,0.10387,0.0,0.0,0.0,0.0,0.0,0.0,0.0,0.0,0.0,1.0,0.0
2022-06-07,58610.15,0.103762,0.0,0.0,0.0,0.0,0.0,0.0,0.0,0.0,0.0,1.0,0.0
2022-06-08,58567.87,0.104408,0.0,0.0,0.0,0.0,0.0,0.0,0.0,0.0,0.0,1.0,0.0
2022-06-09,58525.59,0.105055,0.0,0.0,0.0,0.0,0.0,0.0,0.0,0.0,0.0,1.0,0.0
2022-06-10,58278.78,0.108829,0.0,0.0,0.0,0.0,0.0,0.0,0.0,0.0,0.0,1.0,0.0
2022-06-13,57982.69,0.113357,0.0,0.0,0.0,0.0,0.0,0.0,0.0,0.0,0.0,1.0,0.0
2022-06-14,57869.92,0.115081,0.0,0.0,0.0,0.0,0.0,0.0,0.0,0.0,0.0,1.0,0.0
2022-06-15,58095.45,0.111632,0.0,0.0,0.0,0.0,0.0,0.0,0.0,0.0,0.0,1.0,0.0
2022-06-16,58173.01,0.110446,0.0,0.0,0.0,0.0,0.0,0.0,0.0,0.0,0.0,1.0,0.0
2022-06-17,58158.94,0.110662,0.0,0.0,0.0,0.0,0.0,0.0,0.0,0.0,0.0,1.0,0.0
2022-06-21,58137.8,0.110985,0.0,0.0,0.0,0.0,0.0,0.0,0.0,0.0,0.0,1.0,0.0
2022-06-22,58306.99,0.108398,0.0,0.0,0.0,0.0,0.0,0.0,0.0,0.0,0.0,1.0,0.0
2022-06-23,58356.34,0.107643,0.0,0.0,0.0,0.0,0.0,0.0,0.0,0.0,0.0,1.0,0.0
2022-06-24,58342.2,0.107859,0.0,0.0,0.0,0.0,0.0,0.0,0.0,0.0,0.0,1.0,0.0
2022-06-27,58278.78,0.108829,0.0,0.0,0.0,0.0,0.0,0.0,0.0,0.0,0.0,1.0,0.0
2022-06-28,58264.71,0.109044,0.0,0.0,0.0,0.0,0.0,0.0,0.0,0.0,0.0,1.0,0.0
2022-06-29,58335.2,0.107966,0.0,0.0,0.0,0.0,0.0,0.0,0.0,0.0,0.0,1.0,0.0
2022-06-30,58448.03,0.106241,0.0,0.0,0.0,0.0,0.0,0.0,0.0,0.0,0.0,1.0,0.0
2022-07-01,58567.87,0.104408,0.0,0.0,0.0,0.0,0.0,0.0,0.0,0.0,0.0,1.0,0.0
2022-07-05,58560.8,0.104516,0.0,0.0,0.0,0.0,0.0,0.0,0.0,0.0,0.0,1.0,0.0
2022-07-06,58398.68,0.106995,0.0,0.0,0.0,0.0,0.0,0.0,0.0,0.0,0.0,1.0,0.0
2022-07-07,58356.34,0.107643,0.0,0.0,0.0,0.0,0.0,0.0,0.0,0.0,0.0,1.0,0.0
2022-07-08,58285.85,0.108721,0.0,0.0,0.0,0.0,0.0,0.0,0.0,0.0,0.0,1.0,0.0
2022-07-11,58306.99,0.108398,0.0,0.0,0.0,0.0,0.0,0.0,0.0,0.0,0.0,1.0,0.0
2022-07-12,58335.2,0.107966,0.0,0.0,0.0,0.0,0.0,0.0,0.0,0.0,0.0,1.0,0.0
2022-07-13,58271.78,0.108936,0.0,0.0,0.0,0.0,0.0,0.0,0.0,0.0,0.0,1.0,0.0
2022-07-14,58250.57,0.10926,0.0,0.0,0.0,0.0,0.0,0.0,0.0,0.0,0.0,1.0,0.0
2022-07-15,58292.85,0.108614,0.0,0.0,0.0,0.0,0.0,0.0,0.0,0.0,0.0,1.0,0.0
2022-07-18,58257.64,0.109152,0.0,0.0,0.0,0.0,0.0,0.0,0.0,0.0,0.0,1.0,0.0
2022-07-19,58194.22,0.110122,0.0,0.0,0.0,0.0,0.0,0.0,0.0,0.0,0.0,1.0,0.0
2022-07-20,58187.15,0.11023,0.0,0.0,0.0,0.0,0.0,0.0,0.0,0.0,0.0,1.0,0.0
2022-07-21,58349.27,0.107751,0.0,0.0,0.0,0.0,0.0,0.0,0.0,0.0,0.0,1.0,0.0
2022-07-22,58497.31,0.105487,0.0,0.0,0.0,0.0,0.0,0.0,0.0,0.0,0.0,1.0,0.0
2022-07-25,58448.03,0.106241,0.0,0.0,0.0,0.0,0.0,0.0,0.0,0.0,0.0,1.0,0.0
2022-07-26,58419.75,0.106673,0.0,0.0,0.0,0.0,0.0,0.0,0.0,0.0,0.0,1.0,0.0
2022-07-27,58511.45,0.105271,0.0,0.0,0.0,0.0,0.0,0.0,0.0,0.0,0.0,1.0,0.0
2022-07-28,58638.36,0.103331,0.0,0.0,0.0,0.0,0.0,0.0,0.0,0.0,0.0,1.0,0.0
2022-07-29,58631.29,0.103439,0.0,0.0,0.0,0.0,0.0,0.0,0.0,0.0,0.0,1.0,0.0
2022-08-01,58631.29,0.103439,0.0,0.0,0.0,0.0,0.0,0.0,0.0,0.0,0.0,1.0,0.0
2022-08-02,58426.61,0.106568,0.0,0.0,0.0,0.0,0.0,0.0,0.0,0.0,0.0,1.0,0.0
2022-08-03,58447.82,0.106244,0.0,0.0,0.0,0.0,0.0,0.0,0.0,0.0,0.0,1.0,0.0
2022-08-04,58525.45,0.105057,0.0,0.0,0.0,0.0,0.0,0.0,0.0,0.0,0.0,1.0,0.0
2022-08-05,58285.49,0.108726,0.0,0.0,0.0,0.0,0.0,0.0,0.0,0.0,0.0,1.0,0.0
2022-08-08,58341.91,0.107864,0.0,0.0,0.0,0.0,0.0,0.0,0.0,0.0,0.0,1.0,0.0
2022-08-09,58285.49,0.108726,0.0,0.0,0.0,0.0,0.0,0.0,0.0,0.0,0.0,1.0,0.0
2022-08-10,58341.91,0.107864,0.0,0.0,0.0,0.0,0.0,0.0,0.0,0.0,0.0,1.0,0.0
2022-08-11,58320.77,0.108187,0.0,0.0,0.0,0.0,0.0,0.0,0.0,0.0,0.0,1.0,0.0
2022-08-12,58334.84,0.107972,0.0,0.0,0.0,0.0,0.0,0.0,0.0,0.0,0.0,1.0,0.0
2022-08-15,58384.26,0.107216,0.0,0.0,0.0,0.0,0.0,0.0,0.0,0.0,0.0,1.0,0.0
2022-08-16,58334.84,0.107972,0.0,0.0,0.0,0.0,0.0,0.0,0.0,0.0,0.0,1.0,0.0
2022-08-17,58285.49,0.108726,0.0,0.0,0.0,0.0,0.0,0.0,0.0,0.0,0.0,1.0,0.0
2022-08-18,58370.19,0.107431,0.0,0.0,0.0,0.0,0.0,0.0,0.0,0.0,0.0,1.0,0.0
2022-08-19,58327.84,0.108079,0.0,0.0,0.0,0.0,0.0,0.0,0.0,0.0,0.0,1.0,0.0
2022-08-22,58250.14,0.109267,0.0,0.0,0.0,0.0,0.0,0.0,0.0,0.0,0.0,1.0,0.0
2022-08-23,58278.42,0.108834,0.0,0.0,0.0,0.0,0.0,0.0,0.0,0.0,0.0,1.0,0.0
2022-08-24,58214.86,0.109806,0.0,0.0,0.0,0.0,0.0,0.0,0.0,0.0,0.0,1.0,0.0
2022-08-25,58250.14,0.109267,0.0,0.0,0.0,0.0,0.0,0.0,0.0,0.0,0.0,1.0,0.0
2022-08-26,58236.07,0.109482,0.0,0.0,0.0,0.0,0.0,0.0,0.0,0.0,0.0,1.0,0.0
2022-08-29,58193.73,0.11013,0.0,0.0,0.0,0.0,0.0,0.0,0.0,0.0,0.0,1.0,0.0
2022-08-30,58165.52,0.110561,0.0,0.0,0.0,0.0,0.0,0.0,0.0,0.0,0.0,1.0,0.0
2022-08-31,58158.45,0.110669,0.0,0.0,0.0,0.0,0.0,0.0,0.0,0.0,0.0,1.0,0.0
2022-09-01,58045.47,0.112397,0.0,0.0,0.0,0.0,0.0,0.0,0.0,0.0,0.0,1.0,0.0
2022-09-02,58172.52,0.110454,0.0,0.0,0.0,0.0,0.0,0.0,0.0,0.0,0.0,1.0,0.0
2022-09-06,58045.47,0.112397,0.0,0.0,0.0,0.0,0.0,0.0,0.0,0.0,0.0,1.0,0.0
2022-09-07,58130.17,0.111102,0.0,0.0,0.0,0.0,0.0,0.0,0.0,0.0,0.0,1.0,0.0
2022-09-08,58059.61,0.11218,0.0,0.0,0.0,0.0,0.0,0.0,0.0,0.0,0.0,1.0,0.0
2022-09-09,58010.19,0.112936,0.0,0.0,0.0,0.0,0.0,0.0,0.0,0.0,0.0,1.0,0.0
2022-09-12,58003.19,0.113043,0.0,0.0,0.0,0.0,0.0,0.0,0.0,0.0,0.0,1.0,0.0
2022-09-13,57805.51,0.116066,0.0,0.0,0.0,0.0,0.0,0.0,0.0,0.0,0.0,1.0,0.0
2022-09-14,57756.16,0.116821,0.0,0.0,0.0,0.0,0.0,0.0,0.0,0.0,0.0,1.0,0.0
2022-09-15,57692.6,0.117793,0.0,0.0,0.0,0.0,0.0,0.0,0.0,0.0,0.0,1.0,0.0
2022-09-16,57720.81,0.117361,0.0,0.0,0.0,0.0,0.0,0.0,0.0,0.0,0.0,1.0,0.0
2022-09-19,57657.32,0.118332,0.0,0.0,0.0,0.0,0.0,0.0,0.0,0.0,0.0,1.0,0.0
2022-09-20,57629.11,0.118763,0.0,0.0,0.0,0.0,0.0,0.0,0.0,0.0,0.0,1.0,0.0
2022-09-21,57579.7,0.119519,0.0,0.0,0.0,0.0,0.0,0.0,0.0,0.0,0.0,1.0,0.0
2022-09-22,57473.79,0.121139,0.0,0.0,0.0,0.0,0.0,0.0,0.0,0.0,0.0,1.0,0.0
2022-09-23,57403.23,0.122218,0.0,0.0,0.0,0.0,0.0,0.0,0.0,0.0,0.0,1.0,0.0
2022-09-26,57276.18,0.12416,0.0,0.0,0.0,0.0,0.0,0.0,0.0,0.0,0.0,1.0,0.0
2022-09-27,57276.18,0.12416,0.0,0.0,0.0,0.0,0.0,0.0,0.0,0.0,0.0,1.0,0.0
2022-09-28,57523.21,0.120383,0.0,0.0,0.0,0.0,0.0,0.0,0.0,0.0,0.0,1.0,0.0
2022-09-29,57445.58,0.12157,0.0,0.0,0.0,0.0,0.0,0.0,0.0,0.0,0.0,1.0,0.0
2022-09-30,57396.16,0.122326,0.0,0.0,0.0,0.0,0.0,0.0,0.0,0.0,0.0,1.0,0.0
2022-10-03,57445.58,0.12157,0.0,0.0,0.0,0.0,0.0,0.0,0.0,0.0,0.0,1.0,0.0
2022-10-04,57466.79,0.121246,0.0,0.0,0.0,0.0,0.0,0.0,0.0,0.0,0.0,1.0,0.0
2022-10-05,57410.3,0.122109,0.0,0.0,0.0,0.0,0.0,0.0,0.0,0.0,0.0,1.0,0.0
2022-10-06,57339.74,0.123188,0.0,0.0,0.0,0.0,0.0,0.0,0.0,0.0,0.0,1.0,0.0
2022-10-07,57269.11,0.124268,0.0,0.0,0.0,0.0,0.0,0.0,0.0,0.0,0.0,1.0,0.0
2022-10-10,57247.97,0.124592,0.0,0.0,0.0,0.0,0.0,0.0,0.0,0.0,0.0,1.0,0.0
2022-10-11,57276.18,0.12416,0.0,0.0,0.0,0.0,0.0,0.0,0.0,0.0,0.0,1.0,0.0
2022-10-12,57332.67,0.123296,0.0,0.0,0.0,0.0,0.0,0.0,0.0,0.0,0.0,1.0,0.0
2022-10-13,57163.27,0.125887,0.0,0.0,0.0,0.0,0.0,0.0,0.0,0.0,0.0,1.0,0.0
2022-10-14,57135.06,0.126318,0.0,0.0,0.0,0.0,0.0,0.0,0.0,0.0,0.0,1.0,0.0
2022-10-17,57198.55,0.125347,0.0,0.0,0.0,0.0,0.0,0.0,0.0,0.0,0.0,1.0,0.0
2022-10-18,57226.83,0.124915,0.0,0.0,0.0,0.0,0.0,0.0,0.0,0.0,0.0,1.0,0.0
2022-10-19,57120.92,0.126534,0.0,0.0,0.0,0.0,0.0,0.0,0.0,0.0,0.0,1.0,0.0
2022-10-20,57057.43,0.127505,0.0,0.0,0.0,0.0,0.0,0.0,0.0,0.0,0.0,1.0,0.0
2022-10-21,57205.62,0.125239,0.0,0.0,0.0,0.0,0.0,0.0,0.0,0.0,0.0,1.0,0.0
2022-10-24,57191.48,0.125455,0.0,0.0,0.0,0.0,0.0,0.0,0.0,0.0,0.0,1.0,0.0
2022-10-25,57247.97,0.124592,0.0,0.0,0.0,0.0,0.0,0.0,0.0,0.0,0.0,1.0,0.0
2022-10-26,57297.39,0.123836,0.0,0.0,0.0,0.0,0.0,0.0,0.0,0.0,0.0,1.0,0.0
2022-10-27,57417.37,0.122001,0.0,0.0,0.0,0.0,0.0,0.0,0.0,0.0,0.0,1.0,0.0
2022-10-28,57332.67,0.123296,0.0,0.0,0.0,0.0,0.0,0.0,0.0,0.0,0.0,1.0,0.0
2022-10-31,57247.97,0.124592,0.0,0.0,0.0,0.0,0.0,0.0,0.0,0.0,0.0,1.0,0.0
2022-11-01,57191.41,0.125457,0.0,0.0,0.0,0.0,0.0,0.0,0.0,0.0,0.0,1.0,0.0
2022-11-02,57163.13,0.125889,0.0,0.0,0.0,0.0,0.0,0.0,0.0,0.0,0.0,1.0,0.0
2022-11-03,57057.08,0.127511,0.0,0.0,0.0,0.0,0.0,0.0,0.0,0.0,0.0,1.0,0.0
2022-11-04,57120.71,0.126538,0.0,0.0,0.0,0.0,0.0,0.0,0.0,0.0,0.0,1.0,0.0
2022-11-07,57071.22,0.127294,0.0,0.0,0.0,0.0,0.0,0.0,0.0,0.0,0.0,1.0,0.0
2022-11-08,57127.78,0.12643,0.0,0.0,0.0,0.0,0.0,0.0,0.0,0.0,0.0,1.0,0.0
2022-11-09,57219.69,0.125024,0.0,0.0,0.0,0.0,0.0,0.0,0.0,0.0,0.0,1.0,0.0
2022-11-10,57530.77,0.120267,0.0,0.0,0.0,0.0,0.0,0.0,0.0,0.0,0.0,1.0,0.0
2022-11-11,57516.63,0.120483,0.0,0.0,0.0,0.0,0.0,0.0,0.0,0.0,0.0,1.0,0.0
2022-11-14,57467.14,0.12124,0.0,0.0,0.0,0.0,0.0,0.0,0.0,0.0,0.0,1.0,0.0
2022-11-15,57523.7,0.120375,0.0,0.0,0.0,0.0,0.0,0.0,0.0,0.0,0.0,1.0,0.0
2022-11-16,57530.77,0.120267,0.0,0.0,0.0,0.0,0.0,0.0,0.0,0.0,0.0,1.0,0.0
2022-11-17,57460.07,0.121348,0.0,0.0,0.0,0.0,0.0,0.0,0.0,0.0,0.0,1.0,0.0
2022-11-18,57396.44,0.122321,0.0,0.0,0.0,0.0,0.0,0.0,0.0,0.0,0.0,1.0,0.0
2022-11-21,57382.3,0.122538,0.0,0.0,0.0,0.0,0.0,0.0,0.0,0.0,0.0,1.0,0.0
2022-11-22,57424.72,0.121889,0.0,0.0,0.0,0.0,0.0,0.0,0.0,0.0,0.0,1.0,0.0
2022-11-23,57474.21,0.121132,0.0,0.0,0.0,0.0,0.0,0.0,0.0,0.0,0.0,1.0,0.0
2022-11-25,57481.28,0.121024,0.0,0.0,0.0,0.0,0.0,0.0,0.0,0.0,0.0,1.0,0.0
2022-11-28,57495.42,0.120808,0.0,0.0,0.0,0.0,0.0,0.0,0.0,0.0,0.0,1.0,0.0
2022-11-29,57474.21,0.121132,0.0,0.0,0.0,0.0,0.0,0.0,0.0,0.0,0.0,1.0,0.0
2022-11-30,57643.89,0.118537,0.0,0.0,0.0,0.0,0.0,0.0,0.0,0.0,0.0,1.0,0.0
2022-12-01,57650.96,0.118429,0.0,0.0,0.0,0.0,0.0,0.0,0.0,0.0,0.0,1.0,0.0
2022-12-02,57636.82,0.118646,0.0,0.0,0.0,0.0,0.0,0.0,0.0,0.0,0.0,1.0,0.0
2022-12-05,57474.21,0.121132,0.0,0.0,0.0,0.0,0.0,0.0,0.0,0.0,0.0,1.0,0.0
2022-12-06,57537.84,0.120159,0.0,0.0,0.0,0.0,0.0,0.0,0.0,0.0,0.0,1.0,0.0
2022-12-07,57658.03,0.118321,0.0,0.0,0.0,0.0,0.0,0.0,0.0,0.0,0.0,1.0,0.0
2022-12-08,57601.47,0.119186,0.0,0.0,0.0,0.0,0.0,0.0,0.0,0.0,0.0,1.0,0.0
2022-12-09,57573.19,0.119619,0.0,0.0,0.0,0.0,0.0,0.0,0.0,0.0,0.0,1.0,0.0
2022-12-12,57537.84,0.120159,0.0,0.0,0.0,0.0,0.0,0.0,0.0,0.0,0.0,1.0,0.0
2022-12-13,57707.52,0.117564,0.0,0.0,0.0,0.0,0.0,0.0,0.0,0.0,0.0,1.0,0.0
2022-12-14,57714.59,0.117456,0.0,0.0,0.0,0.0,0.0,0.0,0.0,0.0,0.0,1.0,0.0
2022-12-15,57594.4,0.119294,0.0,0.0,0.0,0.0,0.0,0.0,0.0,0.0,0.0,1.0,0.0
2022-12-16,57650.96,0.118429,0.0,0.0,0.0,0.0,0.0,0.0,0.0,0.0,0.0,1.0,0.0
2022-12-19,57580.26,0.11951,0.0,0.0,0.0,0.0,0.0,0.0,0.0,0.0,0.0,1.0,0.0
2022-12-20,57580.26,0.11951,0.0,0.0,0.0,0.0,0.0,0.0,0.0,0.0,0.0,1.0,0.0
2022-12-21,57636.82,0.118646,0.0,0.0,0.0,0.0,0.0,0.0,0.0,0.0,0.0,1.0,0.0
2022-12-22,57601.47,0.119186,0.0,0.0,0.0,0.0,0.0,0.0,0.0,0.0,0.0,1.0,0.0
2022-12-23,57573.19,0.119619,0.0,0.0,0.0,0.0,0.0,0.0,0.0,0.0,0.0,1.0,0.0
2022-12-27,57495.42,0.120808,0.0,0.0,0.0,0.0,0.0,0.0,0.0,0.0,0.0,1.0,0.0
2022-12-28,57495.42,0.120808,0.0,0.0,0.0,0.0,0.0,0.0,0.0,0.0,0.0,1.0,0.0
2022-12-29,57537.84,0.120159,0.0,0.0,0.0,0.0,0.0,0.0,0.0,0.0,0.0,1.0,0.0
2022-12-30,57467.14,0.12124,0.0,0.0,0.0,0.0,0.0,0.0,0.0,0.0,0.0,1.0,0.0
2023-01-03,57516.63,0.120483,0.0,0.0,0.0,0.0,0.0,0.0,0.0,0.0,0.0,1.0,0.0
2023-01-04,57573.19,0.119619,0.0,0.0,0.0,0.0,0.0,0.0,0.0,0.0,0.0,1.0,0.0
2023-01-05,57495.42,0.120808,0.0,0.0,0.0,0.0,0.0,0.0,0.0,0.0,0.0,1.0,0.0
2023-01-06,57714.59,0.117456,0.0,0.0,0.0,0.0,0.0,0.0,0.0,0.0,0.0,1.0,0.0
2023-01-09,57771.15,0.116591,0.0,0.0,0.0,0.0,0.0,0.0,0.0,0.0,0.0,1.0,0.0
2023-01-10,57721.66,0.117348,0.0,0.0,0.0,0.0,0.0,0.0,0.0,0.0,0.0,1.0,0.0
2023-01-11,57771.15,0.116591,0.0,0.0,0.0,0.0,0.0,0.0,0.0,0.0,0.0,1.0,0.0
2023-01-12,57898.41,0.114645,0.0,0.0,0.0,0.0,0.0,0.0,0.0,0.0,0.0,1.0,0.0
2023-01-13,57799.43,0.116159,0.0,0.0,0.0,0.0,0.0,0.0,0.0,0.0,0.0,1.0,0.0
2023-01-17,57834.78,0.115618,0.0,0.0,0.0,0.0,0.0,0.0,0.0,0.0,0.0,1.0,0.0
2023-01-18,57962.04,0.113672,0.0,0.0,0.0,0.0,0.0,0.0,0.0,0.0,0.0,1.0,0.0
2023-01-19,57947.9,0.113889,0.0,0.0,0.0,0.0,0.0,0.0,0.0,0.0,0.0,1.0,0.0
2023-01-20,57898.41,0.114645,0.0,0.0,0.0,0.0,0.0,0.0,0.0,0.0,0.0,1.0,0.0
2023-01-23,57841.85,0.11551,0.0,0.0,0.0,0.0,0.0,0.0,0.0,0.0,0.0,1.0,0.0
2023-01-24,57863.06,0.115186,0.0,0.0,0.0,0.0,0.0,0.0,0.0,0.0,0.0,1.0,0.0
2023-01-25,57898.41,0.114645,0.0,0.0,0.0,0.0,0.0,0.0,0.0,0.0,0.0,1.0,0.0
2023-01-26,57863.06,0.115186,0.0,0.0,0.0,0.0,0.0,0.0,0.0,0.0,0.0,1.0,0.0
2023-01-27,57863.06,0.115186,0.0,0.0,0.0,0.0,0.0,0.0,0.0,0.0,0.0,1.0,0.0
2023-01-30,57806.5,0.116051,0.0,0.0,0.0,0.0,0.0,0.0,0.0,0.0,0.0,1.0,0.0
2023-01-31,57912.55,0.114429,0.0,0.0,0.0,0.0,0.0,0.0,0.0,0.0,0.0,1.0,0.0
2023-02-01,57905.48,0.114537,0.0,0.0,0.3013,0.0,0.2901,0.0,0.1587,0.0,0.0,0.25,0.0
2023-02-02,62216.44,0.048616,0.0,0.0,0.3013,0.0,0.2901,0.0,0.1587,0.0,0.0,0.25,0.0
2023-02-03,61416.57,0.060847,0.0,0.0,0.3013,0.0,0.2901,0.0,0.1587,0.0,0.0,0.25,0.0
2023-02-06,61426.48,0.060696,0.0,0.0,0.3013,0.0,0.2901,0.0,0.1587,0.0,0.0,0.25,0.0
2023-02-07,62895.5,0.038232,0.0,0.0,0.3013,0.0,0.2901,0.0,0.1587,0.0,0.0,0.25,0.0
2023-02-08,61653.61,0.057223,0.0,0.0,0.3013,0.0,0.2901,0.0,0.1587,0.0,0.0,0.25,0.0
2023-02-09,61033.89,0.066699,0.0,0.0,0.3013,0.0,0.2901,0.0,0.1587,0.0,0.0,0.25,0.0
2023-02-10,59967.4,0.083007,0.0,0.0,0.3013,0.0,0.2901,0.0,0.1587,0.0,0.0,0.25,0.0
2023-02-13,61003.46,0.067165,0.0,0.0,0.3013,0.0,0.2901,0.0,0.1587,0.0,0.0,0.25,0.0
2023-02-14,61532.4,0.059076,0.0,0.0,0.3013,0.0,0.2901,0.0,0.1587,0.0,0.0,0.25,0.0
2023-02-15,61346.02,0.061926,0.0,0.0,0.3013,0.0,0.2901,0.0,0.1587,0.0,0.0,0.25,0.0
2023-02-16,60292.29,0.078039,0.0,0.0,0.3013,0.0,0.2901,0.0,0.1587,0.0,0.0,0.25,0.0
2023-02-17,59940.05,0.083426,0.0,0.0,0.3013,0.0,0.2901,0.0,0.1587,0.0,0.0,0.25,0.0
2023-02-21,59096.77,0.096321,0.0,0.0,0.3013,0.0,0.2901,0.0,0.1587,0.0,0.0,0.25,0.0
2023-02-22,58887.33,0.099523,0.0,0.0,0.3013,0.0,0.2901,0.0,0.1587,0.0,0.0,0.25,0.0
2023-02-23,60493.68,0.07496,0.0,0.0,0.3013,0.0,0.2901,0.0,0.1587,0.0,0.0,0.25,0.0
2023-02-24,59943.04,0.08338,0.0,0.0,0.3013,0.0,0.2901,0.0,0.1587,0.0,0.0,0.25,0.0
2023-02-27,60179.78,0.07976,0.0,0.0,0.3013,0.0,0.2901,0.0,0.1587,0.0,0.0,0.25,0.0
2023-02-28,60895.5,0.068815,0.0,0.0,0.3013,0.0,0.2901,0.0,0.1587,0.0,0.0,0.25,0.0
2023-03-01,60427.11,0.075978,0.0,0.0,0.3013,0.0,0.2901,0.0,0.1587,0.0,0.0,0.25,0.0
2023-03-02,60970.6,0.067667,0.0,0.0,0.3013,0.0,0.2901,0.0,0.1587,0.0,0.0,0.25,0.0
2023-03-03,63387.11,0.030715,0.0,0.0,0.4587,0.0,0.3441,0.0,0.1971,0.0,0.0,0.0,0.0
2023-03-06,63178.0,0.033913,0.0,0.0,0.4587,0.0,0.3441,0.0,0.1971,0.0,0.0,0.0,0.0
2023-03-07,62638.39,0.042164,0.0,0.0,0.4587,0.0,0.3441,0.0,0.1971,0.0,0.0,0.0,0.0
2023-03-08,63485.59,0.029209,0.0,0.0,0.4587,0.0,0.3441,0.0,0.1971,0.0,0.0,0.0,0.0
2023-03-09,62264.96,0.047874,0.0,0.0,0.4587,0.0,0.3441,0.0,0.1971,0.0,0.0,0.0,0.0
2023-03-10,61410.26,0.060944,0.0,0.0,0.4587,0.0,0.3441,0.0,0.1971,0.0,0.0,0.0,0.0
2023-03-13,61648.75,0.057297,0.0,0.0,0.4587,0.0,0.3441,0.0,0.1971,0.0,0.0,0.0,0.0
2023-03-14,64491.99,0.01382,0.0,0.0,0.4587,0.0,0.3441,0.0,0.1971,0.0,0.0,0.0,0.0
2023-03-15,64719.62,0.010339,0.0,0.0,0.4587,0.0,0.3441,0.0,0.1971,0.0,0.0,0.0,0.0
2023-03-16,66726.67,0.0,0.0,0.0,0.4587,0.0,0.3441,0.0,0.1971,0.0,0.0,0.0,0.0
2023-03-17,65478.28,0.018709,0.0,0.0,0.4587,0.0,0.3441,0.0,0.1971,0.0,0.0,0.0,0.0
2023-03-20,66412.54,0.004708,0.0,0.0,0.4587,0.0,0.3441,0.0,0.1971,0.0,0.0,0.0,0.0
2023-03-21,66968.66,0.0,0.0,0.0,0.4587,0.0,0.3441,0.0,0.1971,0.0,0.0,0.0,0.0
2023-03-22,66564.5,0.006035,0.0,0.0,0.4587,0.0,0.3441,0.0,0.1971,0.0,0.0,0.0,0.0
2023-03-23,67849.92,0.0,0.0,0.0,0.4587,0.0,0.3441,0.0,0.1971,0.0,0.0,0.0,0.0
2023-03-24,67695.26,0.002279,0.0,0.0,0.4587,0.0,0.3441,0.0,0.1971,0.0,0.0,0.0,0.0
2023-03-27,66763.05,0.016019,0.0,0.0,0.4587,0.0,0.3441,0.0,0.1971,0.0,0.0,0.0,0.0
2023-03-28,66348.01,0.022136,0.0,0.0,0.4587,0.0,0.3441,0.0,0.1971,0.0,0.0,0.0,0.0
2023-03-29,67231.54,0.009114,0.0,0.0,0.4587,0.0,0.3441,0.0,0.1971,0.0,0.0,0.0,0.0
2023-03-30,68113.2,0.0,0.0,0.0,0.4587,0.0,0.3441,0.0,0.1971,0.0,0.0,0.0,0.0
2023-03-31,69159.33,0.0,0.0,0.0,0.4587,0.0,0.3441,0.0,0.1971,0.0,0.0,0.0,0.0
2023-04-03,69432.85,0.0,0.0,0.0,0.476,0.0,0.2476,0.0,0.2764,0.0,0.0,0.0,0.0
2023-04-04,68799.24,0.009126,0.0,0.0,0.476,0.0,0.2476,0.0,0.2764,0.0,0.0,0.0,0.0
2023-04-05,67870.0,0.022509,0.0,0.0,0.476,0.0,0.2476,0.0,0.2764,0.0,0.0,0.0,0.0
2023-04-06,68018.89,0.020364,0.0,0.0,0.476,0.0,0.2476,0.0,0.2764,0.0,0.0,0.0,0.0
2023-04-10,68526.83,0.013049,0.0,0.0,0.476,0.0,0.2476,0.0,0.2764,0.0,0.0,0.0,0.0
2023-04-11,67874.37,0.022446,0.0,0.0,0.476,0.0,0.2476,0.0,0.2764,0.0,0.0,0.0,0.0
2023-04-12,67173.79,0.032536,0.0,0.0,0.476,0.0,0.2476,0.0,0.2764,0.0,0.0,0.0,0.0
2023-04-13,68047.66,0.01995,0.0,0.0,0.476,0.0,0.2476,0.0,0.2764,0.0,0.0,0.0,0.0
2023-04-14,68099.36,0.019205,0.0,0.0,0.476,0.0,0.2476,0.0,0.2764,0.0,0.0,0.0,0.0
2023-04-17,68458.5,0.014033,0.0,0.0,0.476,0.0,0.2476,0.0,0.2764,0.0,0.0,0.0,0.0
2023-04-18,69091.95,0.00491,0.0,0.0,0.476,0.0,0.2476,0.0,0.2764,0.0,0.0,0.0,0.0
2023-04-19,69209.98,0.00321,0.0,0.0,0.476,0.0,0.2476,0.0,0.2764,0.0,0.0,0.0,0.0
2023-04-20,68356.36,0.015504,0.0,0.0,0.476,0.0,0.2476,0.0,0.2764,0.0,0.0,0.0,0.0
2023-04-21,68346.18,0.015651,0.0,0.0,0.476,0.0,0.2476,0.0,0.2764,0.0,0.0,0.0,0.0
2023-04-24,68369.68,0.015312,0.0,0.0,0.476,0.0,0.2476,0.0,0.2764,0.0,0.0,0.0,0.0
2023-04-25,66757.23,0.038535,0.0,0.0,0.476,0.0,0.2476,0.0,0.2764,0.0,0.0,0.0,0.0
2023-04-26,67095.52,0.033663,0.0,0.0,0.476,0.0,0.2476,0.0,0.2764,0.0,0.0,0.0,0.0
2023-04-27,69727.75,0.0,0.0,0.0,0.476,0.0,0.2476,0.0,0.2764,0.0,0.0,0.0,0.0
2023-04-28,70643.17,0.0,0.0,0.0,0.476,0.0,0.2476,0.0,0.2764,0.0,0.0,0.0,0.0
2023-05-01,72257.03,0.0,0.0,0.0,0.476,0.0,0.2476,0.0,0.2764,0.0,0.0,0.0,0.0
2023-05-02,70144.57,0.029235,0.0,0.0,0.476,0.0,0.2476,0.0,0.2764,0.0,0.0,0.0,0.0
2023-05-03,69732.15,0.034943,0.0,0.0,0.0,0.0,0.2373,0.3712,0.3915,0.0,0.0,0.0,0.0
2023-05-04,69340.02,0.04037,0.0,0.0,0.0,0.0,0.2373,0.3712,0.3915,0.0,0.0,0.0,0.0
2023-05-05,70830.61,0.019741,0.0,0.0,0.0,0.0,0.2373,0.3712,0.3915,0.0,0.0,0.0,0.0
2023-05-08,71157.15,0.015222,0.0,0.0,0.0,0.0,0.2373,0.3712,0.3915,0.0,0.0,0.0,0.0
2023-05-09,70454.96,0.02494,0.0,0.0,0.0,0.0,0.2373,0.3712,0.3915,0.0,0.0,0.0,0.0
2023-05-10,71193.39,0.01472,0.0,0.0,0.0,0.0,0.2373,0.3712,0.3915,0.0,0.0,0.0,0.0
2023-05-11,70892.66,0.018882,0.0,0.0,0.0,0.0,0.2373,0.3712,0.3915,0.0,0.0,0.0,0.0
2023-05-12,70425.77,0.025344,0.0,0.0,0.0,0.0,0.2373,0.3712,0.3915,0.0,0.0,0.0,0.0
2023-05-15,71417.24,0.011622,0.0,0.0,0.0,0.0,0.2373,0.3712,0.3915,0.0,0.0,0.0,0.0
2023-05-16,71863.11,0.005452,0.0,0.0,0.0,0.0,0.2373,0.3712,0.3915,0.0,0.0,0.0,0.0
2023-05-17,73312.96,0.0,0.0,0.0,0.0,0.0,0.2373,0.3712,0.3915,0.0,0.0,0.0,0.0
2023-05-18,75470.52,0.0,0.0,0.0,0.0,0.0,0.2373,0.3712,0.3915,0.0,0.0,0.0,0.0
2023-05-19,74965.45,0.006692,0.0,0.0,0.0,0.0,0.2373,0.3712,0.3915,0.0,0.0,0.0,0.0
2023-05-22,75305.54,0.002186,0.0,0.0,0.0,0.0,0.2373,0.3712,0.3915,0.0,0.0,0.0,0.0
2023-05-23,74214.34,0.016645,0.0,0.0,0.0,0.0,0.2373,0.3712,0.3915,0.0,0.0,0.0,0.0
2023-05-24,74117.67,0.017925,0.0,0.0,0.0,0.0,0.2373,0.3712,0.3915,0.0,0.0,0.0,0.0
2023-05-25,82687.89,0.0,0.0,0.0,0.0,0.0,0.2373,0.3712,0.3915,0.0,0.0,0.0,0.0
2023-05-26,84873.6,0.0,0.0,0.0,0.0,0.0,0.2373,0.3712,0.3915,0.0,0.0,0.0,0.0
2023-05-30,85907.21,0.0,0.0,0.0,0.0,0.0,0.2373,0.3712,0.3915,0.0,0.0,0.0,0.0
2023-05-31,83584.51,0.027037,0.0,0.0,0.0,0.0,0.2373,0.3712,0.3915,0.0,0.0,0.0,0.0
2023-06-01,86385.2,0.0,0.0,0.0,0.0,0.0,0.2373,0.3712,0.3915,0.0,0.0,0.0,0.0
2023-06-02,86190.06,0.002259,0.0,0.2758,0.0,0.0,0.3763,0.3479,0.0,0.0,0.0,0.0,0.0
2023-06-05,86294.71,0.001047,0.0,0.2758,0.0,0.0,0.3763,0.3479,0.0,0.0,0.0,0.0,0.0
2023-06-06,86312.18,0.000845,0.0,0.2758,0.0,0.0,0.3763,0.3479,0.0,0.0,0.0,0.0,0.0
2023-06-07,83480.86,0.033621,0.0,0.2758,0.0,0.0,0.3763,0.3479,0.0,0.0,0.0,0.0,0.0
2023-06-08,84340.54,0.023669,0.0,0.2758,0.0,0.0,0.3763,0.3479,0.0,0.0,0.0,0.0,0.0
2023-06-09,84363.66,0.023401,0.0,0.2758,0.0,0.0,0.3763,0.3479,0.0,0.0,0.0,0.0,0.0
2023-06-12,86133.38,0.002915,0.0,0.2758,0.0,0.0,0.3763,0.3479,0.0,0.0,0.0,0.0,0.0
2023-06-13,86399.6,0.0,0.0,0.2758,0.0,0.0,0.3763,0.3479,0.0,0.0,0.0,0.0,0.0
2023-06-14,86864.56,0.0,0.0,0.2758,0.0,0.0,0.3763,0.3479,0.0,0.0,0.0,0.0,0.0
2023-06-15,88954.23,0.0,0.0,0.2758,0.0,0.0,0.3763,0.3479,0.0,0.0,0.0,0.0,0.0
2023-06-16,88033.6,0.010349,0.0,0.2758,0.0,0.0,0.3763,0.3479,0.0,0.0,0.0,0.0,0.0
2023-06-20,88101.23,0.009589,0.0,0.2758,0.0,0.0,0.3763,0.3479,0.0,0.0,0.0,0.0,0.0
2023-06-21,87202.85,0.019689,0.0,0.2758,0.0,0.0,0.3763,0.3479,0.0,0.0,0.0,0.0,0.0
2023-06-22,89148.4,0.0,0.0,0.2758,0.0,0.0,0.3763,0.3479,0.0,0.0,0.0,0.0,0.0
2023-06-23,89028.75,0.001342,0.0,0.2758,0.0,0.0,0.3763,0.3479,0.0,0.0,0.0,0.0,0.0
2023-06-26,86865.02,0.025613,0.0,0.2758,0.0,0.0,0.3763,0.3479,0.0,0.0,0.0,0.0,0.0
2023-06-27,88761.9,0.004335,0.0,0.2758,0.0,0.0,0.3763,0.3479,0.0,0.0,0.0,0.0,0.0
2023-06-28,88641.24,0.005689,0.0,0.2758,0.0,0.0,0.3763,0.3479,0.0,0.0,0.0,0.0,0.0
2023-06-29,87908.72,0.013906,0.0,0.2758,0.0,0.0,0.3763,0.3479,0.0,0.0,0.0,0.0,0.0
2023-06-30,89510.2,0.0,0.0,0.2758,0.0,0.0,0.3763,0.3479,0.0,0.0,0.0,0.0,0.0
2023-07-03,89143.29,0.004099,0.0,0.2758,0.0,0.0,0.3763,0.3479,0.0,0.0,0.0,0.0,0.0
2023-07-05,90173.37,0.0,0.0,0.0,0.0,0.0,0.4376,0.0,0.3256,0.2368,0.0,0.0,0.0
2023-07-06,88930.73,0.013781,0.0,0.0,0.0,0.0,0.4376,0.0,0.3256,0.2368,0.0,0.0,0.0
2023-07-07,89298.29,0.009704,0.0,0.0,0.0,0.0,0.4376,0.0,0.3256,0.2368,0.0,0.0,0.0
2023-07-10,90858.11,0.0,0.0,0.0,0.0,0.0,0.4376,0.0,0.3256,0.2368,0.0,0.0,0.0
2023-07-11,91834.12,0.0,0.0,0.0,0.0,0.0,0.4376,0.0,0.3256,0.2368,0.0,0.0,0.0
2023-07-12,94489.19,0.0,0.0,0.0,0.0,0.0,0.4376,0.0,0.3256,0.2368,0.0,0.0,0.0
2023-07-13,96677.99,0.0,0.0,0.0,0.0,0.0,0.4376,0.0,0.3256,0.2368,0.0,0.0,0.0
2023-07-14,95254.96,0.014719,0.0,0.0,0.0,0.0,0.4376,0.0,0.3256,0.2368,0.0,0.0,0.0
2023-07-17,97537.49,0.0,0.0,0.0,0.0,0.0,0.4376,0.0,0.3256,0.2368,0.0,0.0,0.0
2023-07-18,99370.46,0.0,0.0,0.0,0.0,0.0,0.4376,0.0,0.3256,0.2368,0.0,0.0,0.0
2023-07-19,99571.11,0.0,0.0,0.0,0.0,0.0,0.4376,0.0,0.3256,0.2368,0.0,0.0,0.0
2023-07-20,95432.18,0.041568,0.0,0.0,0.0,0.0,0.4376,0.0,0.3256,0.2368,0.0,0.0,0.0
2023-07-21,92533.18,0.070682,0.0,0.0,0.0,0.0,0.4376,0.0,0.3256,0.2368,0.0,0.0,0.0
2023-07-24,92238.7,0.07364,0.0,0.0,0.0,0.0,0.4376,0.0,0.3256,0.2368,0.0,0.0,0.0
2023-07-25,93675.03,0.059215,0.0,0.0,0.0,0.0,0.4376,0.0,0.3256,0.2368,0.0,0.0,0.0
2023-07-26,93903.76,0.056918,0.0,0.0,0.0,0.0,0.4376,0.0,0.3256,0.2368,0.0,0.0,0.0
2023-07-27,95594.35,0.039939,0.0,0.0,0.0,0.0,0.4376,0.0,0.3256,0.2368,0.0,0.0,0.0
2023-07-28,100286.82,0.0,0.0,0.0,0.0,0.0,0.4376,0.0,0.3256,0.2368,0.0,0.0,0.0
2023-07-31,102111.13,0.0,0.0,0.0,0.0,0.0,0.4376,0.0,0.3256,0.2368,0.0,0.0,0.0
2023-08-01,102711.87,0.0,0.0,0.0,0.0,0.0,0.4376,0.0,0.3256,0.2368,0.0,0.0,0.0
2023-08-02,98646.66,0.039579,0.0,0.0,0.0,0.0,0.4376,0.0,0.3256,0.2368,0.0,0.0,0.0
2023-08-03,98313.5,0.042822,0.0,0.0,0.0,0.0,0.3954,0.0,0.4013,0.2032,0.0,0.0,0.0
2023-08-04,97610.48,0.049667,0.0,0.0,0.0,0.0,0.3954,0.0,0.4013,0.2032,0.0,0.0,0.0
2023-08-07,98761.69,0.038459,0.0,0.0,0.0,0.0,0.3954,0.0,0.4013,0.2032,0.0,0.0,0.0
2023-08-08,96595.42,0.05955,0.0,0.0,0.0,0.0,0.3954,0.0,0.4013,0.2032,0.0,0.0,0.0
2023-08-09,91895.69,0.105306,0.0,0.0,0.0,0.0,0.3954,0.0,0.4013,0.2032,0.0,0.0,0.0
2023-08-10,91985.05,0.104436,0.0,0.0,0.0,0.0,0.3954,0.0,0.4013,0.2032,0.0,0.0,0.0
2023-08-11,90118.95,0.122604,0.0,0.0,0.0,0.0,0.3954,0.0,0.4013,0.2032,0.0,0.0,0.0
2023-08-14,93580.48,0.088903,0.0,0.0,0.0,0.0,0.3954,0.0,0.4013,0.2032,0.0,0.0,0.0
2023-08-15,92846.77,0.096046,0.0,0.0,0.0,0.0,0.3954,0.0,0.4013,0.2032,0.0,0.0,0.0
2023-08-16,91580.32,0.108377,0.0,0.0,0.0,0.0,0.3954,0.0,0.4013,0.2032,0.0,0.0,0.0
2023-08-17,88926.16,0.134217,0.0,0.0,0.0,0.0,0.3954,0.0,0.4013,0.2032,0.0,0.0,0.0
2023-08-18,88925.32,0.134225,0.0,0.0,0.0,0.0,0.3954,0.0,0.4013,0.2032,0.0,0.0,0.0
2023-08-21,93105.05,0.093532,0.0,0.0,0.0,0.0,0.3954,0.0,0.4013,0.2032,0.0,0.0,0.0
2023-08-22,91850.95,0.105742,0.0,0.0,0.0,0.0,0.3954,0.0,0.4013,0.2032,0.0,0.0,0.0
2023-08-23,94628.83,0.078696,0.0,0.0,0.0,0.0,0.3954,0.0,0.4013,0.2032,0.0,0.0,0.0
2023-08-24,92503.99,0.099384,0.0,0.0,0.0,0.0,0.3954,0.0,0.4013,0.2032,0.0,0.0,0.0
2023-08-25,91751.01,0.106715,0.0,0.0,0.0,0.0,0.3954,0.0,0.4013,0.2032,0.0,0.0,0.0
2023-08-28,93182.21,0.092781,0.0,0.0,0.0,0.0,0.3954,0.0,0.4013,0.2032,0.0,0.0,0.0
2023-08-29,96677.58,0.05875,0.0,0.0,0.0,0.0,0.3954,0.0,0.4013,0.2032,0.0,0.0,0.0
2023-08-30,97736.72,0.048438,0.0,0.0,0.0,0.0,0.3954,0.0,0.4013,0.2032,0.0,0.0,0.0
2023-08-31,96474.77,0.060724,0.0,0.0,0.0,0.0,0.3954,0.0,0.4013,0.2032,0.0,0.0,0.0
2023-09-01,95999.73,0.065349,0.0,0.4102,0.0,0.4166,0.0,0.0,0.1733,0.0,0.0,0.0,0.0
2023-09-05,95803.27,0.067262,0.0,0.4102,0.0,0.4166,0.0,0.0,0.1733,0.0,0.0,0.0,0.0
2023-09-06,94365.52,0.08126,0.0,0.4102,0.0,0.4166,0.0,0.0,0.1733,0.0,0.0,0.0,0.0
2023-09-07,95029.35,0.074797,0.0,0.4102,0.0,0.4166,0.0,0.0,0.1733,0.0,0.0,0.0,0.0
2023-09-08,95237.28,0.072772,0.0,0.4102,0.0,0.4166,0.0,0.0,0.1733,0.0,0.0,0.0,0.0
2023-09-11,96649.09,0.059027,0.0,0.4102,0.0,0.4166,0.0,0.0,0.1733,0.0,0.0,0.0,0.0
2023-09-12,95545.94,0.069767,0.0,0.4102,0.0,0.4166,0.0,0.0,0.1733,0.0,0.0,0.0,0.0
2023-09-13,97191.19,0.053749,0.0,0.4102,0.0,0.4166,0.0,0.0,0.1733,0.0,0.0,0.0,0.0
2023-09-14,97595.65,0.049811,0.0,0.4102,0.0,0.4166,0.0,0.0,0.1733,0.0,0.0,0.0,0.0
2023-09-15,95579.24,0.069443,0.0,0.4102,0.0,0.4166,0.0,0.0,0.1733,0.0,0.0,0.0,0.0
2023-09-18,95723.39,0.06804,0.0,0.4102,0.0,0.4166,0.0,0.0,0.1733,0.0,0.0,0.0,0.0
2023-09-19,94850.61,0.076537,0.0,0.4102,0.0,0.4166,0.0,0.0,0.1733,0.0,0.0,0.0,0.0
2023-09-20,92480.69,0.099611,0.0,0.4102,0.0,0.4166,0.0,0.0,0.1733,0.0,0.0,0.0,0.0
2023-09-21,89392.86,0.129674,0.0,0.4102,0.0,0.4166,0.0,0.0,0.1733,0.0,0.0,0.0,0.0
2023-09-22,89480.81,0.128817,0.0,0.4102,0.0,0.4166,0.0,0.0,0.1733,0.0,0.0,0.0,0.0
2023-09-25,90555.96,0.11835,0.0,0.4102,0.0,0.4166,0.0,0.0,0.1733,0.0,0.0,0.0,0.0
2023-09-26,88193.85,0.141347,0.0,0.4102,0.0,0.4166,0.0,0.0,0.1733,0.0,0.0,0.0,0.0
2023-09-27,88965.13,0.133838,0.0,0.4102,0.0,0.4166,0.0,0.0,0.1733,0.0,0.0,0.0,0.0
2023-09-28,89698.41,0.126699,0.0,0.4102,0.0,0.4166,0.0,0.0,0.1733,0.0,0.0,0.0,0.0
2023-09-29,89737.93,0.126314,0.0,0.4102,0.0,0.4166,0.0,0.0,0.1733,0.0,0.0,0.0,0.0
2023-10-02,91817.34,0.106069,0.0,0.4102,0.0,0.4166,0.0,0.0,0.1733,0.0,0.0,0.0,0.0
2023-10-03,89521.48,0.128421,0.0,0.0,0.0,0.2902,0.2422,0.0,0.2176,0.0,0.0,0.25,0.0
2023-10-04,90688.31,0.117061,0.0,0.0,0.0,0.2902,0.2422,0.0,0.2176,0.0,0.0,0.25,0.0
2023-10-05,90909.39,0.114909,0.0,0.0,0.0,0.2902,0.2422,0.0,0.2176,0.0,0.0,0.25,0.0
2023-10-06,92626.18,0.098194,0.0,0.0,0.0,0.2902,0.2422,0.0,0.2176,0.0,0.0,0.25,0.0
2023-10-09,92849.18,0.096023,0.0,0.0,0.0,0.2902,0.2422,0.0,0.2176,0.0,0.0,0.25,0.0
2023-10-10,93250.11,0.092119,0.0,0.0,0.0,0.2902,0.2422,0.0,0.2176,0.0,0.0,0.25,0.0
2023-10-11,94612.04,0.07886,0.0,0.0,0.0,0.2902,0.2422,0.0,0.2176,0.0,0.0,0.25,0.0
2023-10-12,94074.21,0.084096,0.0,0.0,0.0,0.2902,0.2422,0.0,0.2176,0.0,0.0,0.25,0.0
2023-10-13,92428.76,0.100116,0.0,0.0,0.0,0.2902,0.2422,0.0,0.2176,0.0,0.0,0.25,0.0
2023-10-16,93502.13,0.089666,0.0,0.0,0.0,0.2902,0.2422,0.0,0.2176,0.0,0.0,0.25,0.0
2023-10-17,92815.56,0.09635,0.0,0.0,0.0,0.2902,0.2422,0.0,0.2176,0.0,0.0,0.25,0.0
2023-10-18,91187.26,0.112203,0.0,0.0,0.0,0.2902,0.2422,0.0,0.2176,0.0,0.0,0.25,0.0
2023-10-19,90834.97,0.115633,0.0,0.0,0.0,0.2902,0.2422,0.0,0.2176,0.0,0.0,0.25,0.0
2023-10-20,89832.65,0.125392,0.0,0.0,0.0,0.2902,0.2422,0.0,0.2176,0.0,0.0,0.25,0.0
2023-10-23,91117.56,0.112882,0.0,0.0,0.0,0.2902,0.2422,0.0,0.2176,0.0,0.0,0.25,0.0
2023-10-24,91765.39,0.106575,0.0,0.0,0.0,0.2902,0.2422,0.0,0.2176,0.0,0.0,0.25,0.0
2023-10-25,87383.5,0.149237,0.0,0.0,0.0,0.2902,0.2422,0.0,0.2176,0.0,0.0,0.25,0.0
2023-10-26,85323.15,0.169296,0.0,0.0,0.0,0.2902,0.2422,0.0,0.2176,0.0,0.0,0.25,0.0
2023-10-27,85996.49,0.16274,0.0,0.0,0.0,0.2902,0.2422,0.0,0.2176,0.0,0.0,0.25,0.0
2023-10-30,87157.84,0.151434,0.0,0.0,0.0,0.2902,0.2422,0.0,0.2176,0.0,0.0,0.25,0.0
2023-10-31,86805.1,0.154868,0.0,0.0,0.0,0.2902,0.2422,0.0,0.2176,0.0,0.0,0.25,0.0
2023-11-01,88706.31,0.136358,0.0,0.0,0.3132,0.0,0.0,0.0,0.2366,0.2002,0.0,0.25,0.0
2023-11-02,93520.79,0.089484,0.0,0.0,0.3132,0.0,0.0,0.0,0.2366,0.2002,0.0,0.25,0.0
2023-11-03,95788.72,0.067404,0.0,0.0,0.3132,0.0,0.0,0.0,0.2366,0.2002,0.0,0.25,0.0
2023-11-06,95640.98,0.068842,0.0,0.0,0.3132,0.0,0.0,0.0,0.2366,0.2002,0.0,0.25,0.0
2023-11-07,96620.08,0.05931,0.0,0.0,0.3132,0.0,0.0,0.0,0.2366,0.2002,0.0,0.25,0.0
2023-11-08,96985.21,0.055755,0.0,0.0,0.3132,0.0,0.0,0.0,0.2366,0.2002,0.0,0.25,0.0
2023-11-09,96885.21,0.056728,0.0,0.0,0.3132,0.0,0.0,0.0,0.2366,0.2002,0.0,0.25,0.0
2023-11-10,100742.87,0.01917,0.0,0.0,0.3132,0.0,0.0,0.0,0.2366,0.2002,0.0,0.25,0.0
2023-11-13,100595.8,0.020602,0.0,0.0,0.3132,0.0,0.0,0.0,0.2366,0.2002,0.0,0.25,0.0
2023-11-14,102316.49,0.003849,0.0,0.0,0.3132,0.0,0.0,0.0,0.2366,0.2002,0.0,0.25,0.0
2023-11-15,101985.94,0.007068,0.0,0.0,0.3132,0.0,0.0,0.0,0.2366,0.2002,0.0,0.25,0.0
2023-11-16,101588.38,0.010938,0.0,0.0,0.3132,0.0,0.0,0.0,0.2366,0.2002,0.0,0.25,0.0
2023-11-17,102929.44,0.0,0.0,0.0,0.3132,0.0,0.0,0.0,0.2366,0.2002,0.0,0.25,0.0
2023-11-20,105078.81,0.0,0.0,0.0,0.3132,0.0,0.0,0.0,0.2366,0.2002,0.0,0.25,0.0
2023-11-21,102557.78,0.023992,0.0,0.0,0.3132,0.0,0.0,0.0,0.2366,0.2002,0.0,0.25,0.0
2023-11-22,101521.66,0.033852,0.0,0.0,0.3132,0.0,0.0,0.0,0.2366,0.2002,0.0,0.25,0.0
2023-11-24,100679.47,0.041867,0.0,0.0,0.3132,0.0,0.0,0.0,0.2366,0.2002,0.0,0.25,0.0
2023-11-27,99864.57,0.049622,0.0,0.0,0.3132,0.0,0.0,0.0,0.2366,0.2002,0.0,0.25,0.0
2023-11-28,100320.05,0.045288,0.0,0.0,0.3132,0.0,0.0,0.0,0.2366,0.2002,0.0,0.25,0.0
2023-11-29,100497.2,0.043602,0.0,0.0,0.3132,0.0,0.0,0.0,0.2366,0.2002,0.0,0.25,0.0
2023-11-30,99563.45,0.052488,0.0,0.0,0.3132,0.0,0.0,0.0,0.2366,0.2002,0.0,0.25,0.0
2023-12-01,99958.8,0.048725,0.0,0.0,0.0,0.0,0.4093,0.43,0.0,0.1607,0.0,0.0,0.0
2023-12-04,97264.81,0.074363,0.0,0.0,0.0,0.0,0.4093,0.43,0.0,0.1607,0.0,0.0,0.0
2023-12-05,97355.07,0.073504,0.0,0.0,0.0,0.0,0.4093,0.43,0.0,0.1607,0.0,0.0,0.0
2023-12-06,95898.74,0.087364,0.0,0.0,0.0,0.0,0.4093,0.43,0.0,0.1607,0.0,0.0,0.0
2023-12-07,97357.93,0.073477,0.0,0.0,0.0,0.0,0.4093,0.43,0.0,0.1607,0.0,0.0,0.0
2023-12-08,98937.85,0.058441,0.0,0.0,0.0,0.0,0.4093,0.43,0.0,0.1607,0.0,0.0,0.0
2023-12-11,97669.8,0.070509,0.0,0.0,0.0,0.0,0.4093,0.43,0.0,0.1607,0.0,0.0,0.0
2023-12-12,98925.01,0.058564,0.0,0.0,0.0,0.0,0.4093,0.43,0.0,0.1607,0.0,0.0,0.0
2023-12-13,99281.9,0.055167,0.0,0.0,0.0,0.0,0.4093,0.43,0.0,0.1607,0.0,0.0,0.0
2023-12-14,98391.58,0.06364,0.0,0.0,0.0,0.0,0.4093,0.43,0.0,0.1607,0.0,0.0,0.0
2023-12-15,99150.27,0.05642,0.0,0.0,0.0,0.0,0.4093,0.43,0.0,0.1607,0.0,0.0,0.0
2023-12-18,100296.84,0.045508,0.0,0.0,0.0,0.0,0.4093,0.43,0.0,0.1607,0.0,0.0,0.0
2023-12-19,101171.03,0.037189,0.0,0.0,0.0,0.0,0.4093,0.43,0.0,0.1607,0.0,0.0,0.0
2023-12-20,100180.45,0.046616,0.0,0.0,0.0,0.0,0.4093,0.43,0.0,0.1607,0.0,0.0,0.0
2023-12-21,101384.25,0.03516,0.0,0.0,0.0,0.0,0.4093,0.43,0.0,0.1607,0.0,0.0,0.0
2023-12-22,101272.98,0.036219,0.0,0.0,0.0,0.0,0.4093,0.43,0.0,0.1607,0.0,0.0,0.0
2023-12-26,101675.79,0.032385,0.0,0.0,0.0,0.0,0.4093,0.43,0.0,0.1607,0.0,0.0,0.0
2023-12-27,101817.2,0.03104,0.0,0.0,0.0,0.0,0.4093,0.43,0.0,0.1607,0.0,0.0,0.0
2023-12-28,102087.73,0.028465,0.0,0.0,0.0,0.0,0.4093,0.43,0.0,0.1607,0.0,0.0,0.0
2023-12-29,101320.67,0.035765,0.0,0.0,0.0,0.0,0.4093,0.43,0.0,0.1607,0.0,0.0,0.0
2024-01-02,99304.35,0.054954,0.0,0.0,0.0,0.0,0.4093,0.43,0.0,0.1607,0.0,0.0,0.0
2024-01-03,98658.18,0.061103,0.0,0.3537,0.1595,0.0,0.0,0.4868,0.0,0.0,0.0,0.0,0.0
2024-01-04,97256.3,0.074444,0.0,0.3537,0.1595,0.0,0.0,0.4868,0.0,0.0,0.0,0.0,0.0
2024-01-05,97393.23,0.073141,0.0,0.3537,0.1595,0.0,0.0,0.4868,0.0,0.0,0.0,0.0,0.0
2024-01-08,99575.25,0.052376,0.0,0.3537,0.1595,0.0,0.0,0.4868,0.0,0.0,0.0,0.0,0.0
2024-01-09,100364.08,0.044869,0.0,0.3537,0.1595,0.0,0.0,0.4868,0.0,0.0,0.0,0.0,0.0
2024-01-10,101790.8,0.031291,0.0,0.3537,0.1595,0.0,0.0,0.4868,0.0,0.0,0.0,0.0,0.0
2024-01-11,102659.81,0.023021,0.0,0.3537,0.1595,0.0,0.0,0.4868,0.0,0.0,0.0,0.0,0.0
2024-01-12,103137.94,0.018471,0.0,0.3537,0.1595,0.0,0.0,0.4868,0.0,0.0,0.0,0.0,0.0
2024-01-16,103135.15,0.018497,0.0,0.3537,0.1595,0.0,0.0,0.4868,0.0,0.0,0.0,0.0,0.0
2024-01-17,102523.5,0.024318,0.0,0.3537,0.1595,0.0,0.0,0.4868,0.0,0.0,0.0,0.0,0.0
2024-01-18,104109.01,0.009229,0.0,0.3537,0.1595,0.0,0.0,0.4868,0.0,0.0,0.0,0.0,0.0
2024-01-19,106159.41,0.0,0.0,0.3537,0.1595,0.0,0.0,0.4868,0.0,0.0,0.0,0.0,0.0
2024-01-22,105886.96,0.002566,0.0,0.3537,0.1595,0.0,0.0,0.4868,0.0,0.0,0.0,0.0,0.0
2024-01-23,106573.1,0.0,0.0,0.3537,0.1595,0.0,0.0,0.4868,0.0,0.0,0.0,0.0,0.0
2024-01-24,107654.19,0.0,0.0,0.3537,0.1595,0.0,0.0,0.4868,0.0,0.0,0.0,0.0,0.0
2024-01-25,107804.78,0.0,0.0,0.3537,0.1595,0.0,0.0,0.4868,0.0,0.0,0.0,0.0,0.0
2024-01-26,107632.56,0.001598,0.0,0.3537,0.1595,0.0,0.0,0.4868,0.0,0.0,0.0,0.0,0.0
2024-01-29,109074.23,0.0,0.0,0.3537,0.1595,0.0,0.0,0.4868,0.0,0.0,0.0,0.0,0.0
2024-01-30,108254.62,0.007514,0.0,0.3537,0.1595,0.0,0.0,0.4868,0.0,0.0,0.0,0.0,0.0
2024-01-31,105522.82,0.03256,0.0,0.3537,0.1595,0.0,0.0,0.4868,0.0,0.0,0.0,0.0,0.0
2024-02-01,107578.77,0.01371,0.0,0.3537,0.1595,0.0,0.0,0.4868,0.0,0.0,0.0,0.0,0.0
2024-02-02,111844.42,0.0,0.0,0.0,0.2629,0.0,0.0,0.4834,0.2537,0.0,0.0,0.0,0.0
2024-02-05,112920.73,0.0,0.0,0.0,0.2629,0.0,0.0,0.4834,0.2537,0.0,0.0,0.0,0.0
2024-02-06,111935.94,0.008721,0.0,0.0,0.2629,0.0,0.0,0.4834,0.2537,0.0,0.0,0.0,0.0
2024-02-07,114683.98,0.0,0.0,0.0,0.2629,0.0,0.0,0.4834,0.2537,0.0,0.0,0.0,0.0
2024-02-08,114919.42,0.0,0.0,0.0,0.2629,0.0,0.0,0.4834,0.2537,0.0,0.0,0.0,0.0
2024-02-09,117037.19,0.0,0.0,0.0,0.2629,0.0,0.0,0.4834,0.2537,0.0,0.0,0.0,0.0
2024-02-12,115952.0,0.009272,0.0,0.0,0.2629,0.0,0.0,0.4834,0.2537,0.0,0.0,0.0,0.0
2024-02-13,114409.96,0.022448,0.0,0.0,0.2629,0.0,0.0,0.4834,0.2537,0.0,0.0,0.0,0.0
2024-02-14,115935.59,0.009412,0.0,0.0,0.2629,0.0,0.0,0.4834,0.2537,0.0,0.0,0.0,0.0
2024-02-15,115087.78,0.016656,0.0,0.0,0.2629,0.0,0.0,0.4834,0.2537,0.0,0.0,0.0,0.0
2024-02-16,114271.37,0.023632,0.0,0.0,0.2629,0.0,0.0,0.4834,0.2537,0.0,0.0,0.0,0.0
2024-02-20,112298.87,0.040486,0.0,0.0,0.2629,0.0,0.0,0.4834,0.2537,0.0,0.0,0.0,0.0
2024-02-21,111393.1,0.048225,0.0,0.0,0.2629,0.0,0.0,0.4834,0.2537,0.0,0.0,0.0,0.0
2024-02-22,119225.64,0.0,0.0,0.0,0.2629,0.0,0.0,0.4834,0.2537,0.0,0.0,0.0,0.0
2024-02-23,118968.39,0.002158,0.0,0.0,0.2629,0.0,0.0,0.4834,0.2537,0.0,0.0,0.0,0.0
2024-02-26,119024.21,0.00169,0.0,0.0,0.2629,0.0,0.0,0.4834,0.2537,0.0,0.0,0.0,0.0
2024-02-27,118539.95,0.005751,0.0,0.0,0.2629,0.0,0.0,0.4834,0.2537,0.0,0.0,0.0,0.0
2024-02-28,117964.54,0.010577,0.0,0.0,0.2629,0.0,0.0,0.4834,0.2537,0.0,0.0,0.0,0.0
2024-02-29,119626.81,0.0,0.0,0.0,0.2629,0.0,0.0,0.4834,0.2537,0.0,0.0,0.0,0.0
2024-03-01,123588.71,0.0,0.0,0.0,0.2629,0.0,0.0,0.4834,0.2537,0.0,0.0,0.0,0.0
2024-03-04,124852.03,0.0,0.0,0.0,0.2629,0.0,0.0,0.4834,0.2537,0.0,0.0,0.0,0.0
2024-03-05,122129.63,0.021805,0.0,0.0,0.3176,0.0,0.4798,0.0,0.2026,0.0,0.0,0.0,0.0
2024-03-06,123822.88,0.008243,0.0,0.0,0.3176,0.0,0.4798,0.0,0.2026,0.0,0.0,0.0,0.0
2024-03-07,128524.21,0.0,0.0,0.0,0.3176,0.0,0.4798,0.0,0.2026,0.0,0.0,0.0,0.0
2024-03-08,123467.12,0.039347,0.0,0.0,0.3176,0.0,0.4798,0.0,0.2026,0.0,0.0,0.0,0.0
2024-03-11,119852.18,0.067474,0.0,0.0,0.3176,0.0,0.4798,0.0,0.2026,0.0,0.0,0.0,0.0
2024-03-12,123501.05,0.039083,0.0,0.0,0.3176,0.0,0.4798,0.0,0.2026,0.0,0.0,0.0,0.0
2024-03-13,121727.2,0.052885,0.0,0.0,0.3176,0.0,0.4798,0.0,0.2026,0.0,0.0,0.0,0.0
2024-03-14,120564.17,0.061934,0.0,0.0,0.3176,0.0,0.4798,0.0,0.2026,0.0,0.0,0.0,0.0
2024-03-15,118840.23,0.075347,0.0,0.0,0.3176,0.0,0.4798,0.0,0.2026,0.0,0.0,0.0,0.0
2024-03-18,120600.34,0.061653,0.0,0.0,0.3176,0.0,0.4798,0.0,0.2026,0.0,0.0,0.0,0.0
2024-03-19,120805.37,0.060057,0.0,0.0,0.3176,0.0,0.4798,0.0,0.2026,0.0,0.0,0.0,0.0
2024-03-20,123443.6,0.03953,0.0,0.0,0.3176,0.0,0.4798,0.0,0.2026,0.0,0.0,0.0,0.0
2024-03-21,126103.84,0.018832,0.0,0.0,0.3176,0.0,0.4798,0.0,0.2026,0.0,0.0,0.0,0.0
2024-03-22,127298.45,0.009537,0.0,0.0,0.3176,0.0,0.4798,0.0,0.2026,0.0,0.0,0.0,0.0
2024-03-25,126667.23,0.014449,0.0,0.0,0.3176,0.0,0.4798,0.0,0.2026,0.0,0.0,0.0,0.0
2024-03-26,124535.79,0.031032,0.0,0.0,0.3176,0.0,0.4798,0.0,0.2026,0.0,0.0,0.0,0.0
2024-03-27,123260.88,0.040952,0.0,0.0,0.3176,0.0,0.4798,0.0,0.2026,0.0,0.0,0.0,0.0
2024-03-28,122499.58,0.046875,0.0,0.0,0.3176,0.0,0.4798,0.0,0.2026,0.0,0.0,0.0,0.0
2024-04-01,123909.46,0.035906,0.0,0.0,0.3176,0.0,0.4798,0.0,0.2026,0.0,0.0,0.0,0.0
2024-04-02,124030.66,0.034963,0.0,0.0,0.3176,0.0,0.4798,0.0,0.2026,0.0,0.0,0.0,0.0
2024-04-03,125715.25,0.021856,0.0,0.0,0.3176,0.0,0.4798,0.0,0.2026,0.0,0.0,0.0,0.0
2024-04-04,124008.38,0.035136,0.0,0.4965,0.0,0.0,0.3018,0.0,0.2017,0.0,0.0,0.0,0.0
2024-04-05,127552.81,0.007558,0.0,0.4965,0.0,0.0,0.3018,0.0,0.2017,0.0,0.0,0.0,0.0
2024-04-08,126793.14,0.013469,0.0,0.4965,0.0,0.0,0.3018,0.0,0.2017,0.0,0.0,0.0,0.0
2024-04-09,126223.75,0.017899,0.0,0.4965,0.0,0.0,0.3018,0.0,0.2017,0.0,0.0,0.0,0.0
2024-04-10,127023.64,0.011675,0.0,0.4965,0.0,0.0,0.3018,0.0,0.2017,0.0,0.0,0.0,0.0
2024-04-11,129367.58,0.0,0.0,0.4965,0.0,0.0,0.3018,0.0,0.2017,0.0,0.0,0.0,0.0
2024-04-12,126840.0,0.019538,0.0,0.4965,0.0,0.0,0.3018,0.0,0.2017,0.0,0.0,0.0,0.0
2024-04-15,124493.96,0.037673,0.0,0.4965,0.0,0.0,0.3018,0.0,0.2017,0.0,0.0,0.0,0.0
2024-04-16,124768.43,0.035551,0.0,0.4965,0.0,0.0,0.3018,0.0,0.2017,0.0,0.0,0.0,0.0
2024-04-17,122679.33,0.0517,0.0,0.4965,0.0,0.0,0.3018,0.0,0.2017,0.0,0.0,0.0,0.0
2024-04-18,122716.85,0.05141,0.0,0.4965,0.0,0.0,0.3018,0.0,0.2017,0.0,0.0,0.0,0.0
2024-04-19,117165.15,0.094324,0.0,0.4965,0.0,0.0,0.3018,0.0,0.2017,0.0,0.0,0.0,0.0
2024-04-22,119071.99,0.079584,0.0,0.4965,0.0,0.0,0.3018,0.0,0.2017,0.0,0.0,0.0,0.0
2024-04-23,121756.17,0.058836,0.0,0.4965,0.0,0.0,0.3018,0.0,0.2017,0.0,0.0,0.0,0.0
2024-04-24,119758.59,0.074277,0.0,0.4965,0.0,0.0,0.3018,0.0,0.2017,0.0,0.0,0.0,0.0
2024-04-25,115814.86,0.104761,0.0,0.4965,0.0,0.0,0.3018,0.0,0.2017,0.0,0.0,0.0,0.0
2024-04-26,119473.84,0.076478,0.0,0.4965,0.0,0.0,0.3018,0.0,0.2017,0.0,0.0,0.0,0.0
2024-04-29,119159.61,0.078907,0.0,0.4965,0.0,0.0,0.3018,0.0,0.2017,0.0,0.0,0.0,0.0
2024-04-30,116548.2,0.099093,0.0,0.4965,0.0,0.0,0.3018,0.0,0.2017,0.0,0.0,0.0,0.0
2024-05-01,117596.87,0.090987,0.0,0.4965,0.0,0.0,0.3018,0.0,0.2017,0.0,0.0,0.0,0.0
2024-05-02,120542.52,0.068217,0.0,0.4965,0.0,0.0,0.3018,0.0,0.2017,0.0,0.0,0.0,0.0
2024-05-03,122667.16,0.051794,0.0,0.4386,0.0,0.0,0.0,0.0,0.2061,0.3554,0.0,0.0,0.0
2024-05-06,127847.58,0.011749,0.0,0.4386,0.0,0.0,0.0,0.0,0.2061,0.3554,0.0,0.0,0.0
2024-05-07,120297.49,0.070111,0.0,0.4386,0.0,0.0,0.0,0.0,0.2061,0.3554,0.0,0.0,0.0
2024-05-08,120337.17,0.069804,0.0,0.4386,0.0,0.0,0.0,0.0,0.2061,0.3554,0.0,0.0,0.0
2024-05-09,119511.83,0.076184,0.0,0.4386,0.0,0.0,0.0,0.0,0.2061,0.3554,0.0,0.0,0.0
2024-05-10,118242.47,0.085996,0.0,0.4386,0.0,0.0,0.0,0.0,0.2061,0.3554,0.0,0.0,0.0
2024-05-13,118763.47,0.081969,0.0,0.4386,0.0,0.0,0.0,0.0,0.2061,0.3554,0.0,0.0,0.0
2024-05-14,120113.18,0.071536,0.0,0.4386,0.0,0.0,0.0,0.0,0.2061,0.3554,0.0,0.0,0.0
2024-05-15,121161.37,0.063433,0.0,0.4386,0.0,0.0,0.0,0.0,0.2061,0.3554,0.0,0.0,0.0
2024-05-16,120367.39,0.069571,0.0,0.4386,0.0,0.0,0.0,0.0,0.2061,0.3554,0.0,0.0,0.0
2024-05-17,120347.22,0.069727,0.0,0.4386,0.0,0.0,0.0,0.0,0.2061,0.3554,0.0,0.0,0.0
2024-05-20,120404.97,0.06928,0.0,0.4386,0.0,0.0,0.0,0.0,0.2061,0.3554,0.0,0.0,0.0
2024-05-21,119754.85,0.074306,0.0,0.4386,0.0,0.0,0.0,0.0,0.2061,0.3554,0.0,0.0,0.0
2024-05-22,119494.57,0.076318,0.0,0.4386,0.0,0.0,0.0,0.0,0.2061,0.3554,0.0,0.0,0.0
2024-05-23,120567.3,0.068025,0.0,0.4386,0.0,0.0,0.0,0.0,0.2061,0.3554,0.0,0.0,0.0
2024-05-24,121780.9,0.058644,0.0,0.4386,0.0,0.0,0.0,0.0,0.2061,0.3554,0.0,0.0,0.0
2024-05-28,124368.94,0.038639,0.0,0.4386,0.0,0.0,0.0,0.0,0.2061,0.3554,0.0,0.0,0.0
2024-05-29,124388.44,0.038488,0.0,0.4386,0.0,0.0,0.0,0.0,0.2061,0.3554,0.0,0.0,0.0
2024-05-30,123858.54,0.042584,0.0,0.4386,0.0,0.0,0.0,0.0,0.2061,0.3554,0.0,0.0,0.0
2024-05-31,122689.47,0.051621,0.0,0.4386,0.0,0.0,0.0,0.0,0.2061,0.3554,0.0,0.0,0.0
2024-06-03,124088.14,0.04081,0.0,0.4386,0.0,0.0,0.0,0.0,0.2061,0.3554,0.0,0.0,0.0
2024-06-04,126241.0,0.024168,0.0,0.0,0.0,0.4714,0.3769,0.0,0.1517,0.0,0.0,0.0,0.0
2024-06-05,129568.03,0.0,0.0,0.0,0.0,0.4714,0.3769,0.0,0.1517,0.0,0.0,0.0,0.0
2024-06-06,129653.54,0.0,0.0,0.0,0.0,0.4714,0.3769,0.0,0.1517,0.0,0.0,0.0,0.0
2024-06-07,128780.78,0.006732,0.0,0.0,0.0,0.4714,0.3769,0.0,0.1517,0.0,0.0,0.0,0.0
2024-06-10,130139.63,0.0,0.0,0.0,0.0,0.4714,0.3769,0.0,0.1517,0.0,0.0,0.0,0.0
2024-06-11,131029.94,0.0,0.0,0.0,0.0,0.4714,0.3769,0.0,0.1517,0.0,0.0,0.0,0.0
2024-06-12,132269.08,0.0,0.0,0.0,0.0,0.4714,0.3769,0.0,0.1517,0.0,0.0,0.0,0.0
2024-06-13,131623.37,0.004882,0.0,0.0,0.0,0.4714,0.3769,0.0,0.1517,0.0,0.0,0.0,0.0
2024-06-14,132559.31,0.0,0.0,0.0,0.0,0.4714,0.3769,0.0,0.1517,0.0,0.0,0.0,0.0
2024-06-17,132809.9,0.0,0.0,0.0,0.0,0.4714,0.3769,0.0,0.1517,0.0,0.0,0.0,0.0
2024-06-18,132121.89,0.00518,0.0,0.0,0.0,0.4714,0.3769,0.0,0.1517,0.0,0.0,0.0,0.0
2024-06-20,131967.3,0.006344,0.0,0.0,0.0,0.4714,0.3769,0.0,0.1517,0.0,0.0,0.0,0.0
2024-06-21,131731.57,0.008119,0.0,0.0,0.0,0.4714,0.3769,0.0,0.1517,0.0,0.0,0.0,0.0
2024-06-24,130612.7,0.016544,0.0,0.0,0.0,0.4714,0.3769,0.0,0.1517,0.0,0.0,0.0,0.0
2024-06-25,134724.46,0.0,0.0,0.0,0.0,0.4714,0.3769,0.0,0.1517,0.0,0.0,0.0,0.0
2024-06-26,134973.33,0.0,0.0,0.0,0.0,0.4714,0.3769,0.0,0.1517,0.0,0.0,0.0,0.0
2024-06-27,135739.06,0.0,0.0,0.0,0.0,0.4714,0.3769,0.0,0.1517,0.0,0.0,0.0,0.0
2024-06-28,133031.51,0.019947,0.0,0.0,0.0,0.4714,0.3769,0.0,0.1517,0.0,0.0,0.0,0.0
2024-07-01,133489.12,0.016575,0.0,0.0,0.0,0.4714,0.3769,0.0,0.1517,0.0,0.0,0.0,0.0
2024-07-02,134469.0,0.009357,0.0,0.0,0.0,0.4714,0.3769,0.0,0.1517,0.0,0.0,0.0,0.0
2024-07-03,135632.85,0.000782,0.0,0.0,0.0,0.4714,0.3769,0.0,0.1517,0.0,0.0,0.0,0.0
2024-07-05,139831.18,0.0,0.0,0.0,0.0,0.3555,0.0,0.5065,0.1381,0.0,0.0,0.0,0.0
2024-07-08,139585.04,0.00176,0.0,0.0,0.0,0.3555,0.0,0.5065,0.1381,0.0,0.0,0.0,0.0
2024-07-09,139044.34,0.005627,0.0,0.0,0.0,0.3555,0.0,0.5065,0.1381,0.0,0.0,0.0,0.0
2024-07-10,141172.88,0.0,0.0,0.0,0.0,0.3555,0.0,0.5065,0.1381,0.0,0.0,0.0,0.0
2024-07-11,136814.53,0.030872,0.0,0.0,0.0,0.3555,0.0,0.5065,0.1381,0.0,0.0,0.0,0.0
2024-07-12,136791.77,0.031034,0.0,0.0,0.0,0.3555,0.0,0.5065,0.1381,0.0,0.0,0.0,0.0
2024-07-15,137111.67,0.028768,0.0,0.0,0.0,0.3555,0.0,0.5065,0.1381,0.0,0.0,0.0,0.0
2024-07-16,135441.49,0.040598,0.0,0.0,0.0,0.3555,0.0,0.5065,0.1381,0.0,0.0,0.0,0.0
2024-07-17,132497.61,0.061451,0.0,0.0,0.0,0.3555,0.0,0.5065,0.1381,0.0,0.0,0.0,0.0
2024-07-18,131628.15,0.06761,0.0,0.0,0.0,0.3555,0.0,0.5065,0.1381,0.0,0.0,0.0,0.0
2024-07-19,130643.14,0.074588,0.0,0.0,0.0,0.3555,0.0,0.5065,0.1381,0.0,0.0,0.0,0.0
2024-07-22,133427.72,0.054863,0.0,0.0,0.0,0.3555,0.0,0.5065,0.1381,0.0,0.0,0.0,0.0
2024-07-23,133603.25,0.05362,0.0,0.0,0.0,0.3555,0.0,0.5065,0.1381,0.0,0.0,0.0,0.0
2024-07-24,127527.2,0.096659,0.0,0.0,0.0,0.3555,0.0,0.5065,0.1381,0.0,0.0,0.0,0.0
2024-07-25,124242.91,0.119924,0.0,0.0,0.0,0.3555,0.0,0.5065,0.1381,0.0,0.0,0.0,0.0
2024-07-26,125329.72,0.112225,0.0,0.0,0.0,0.3555,0.0,0.5065,0.1381,0.0,0.0,0.0,0.0
2024-07-29,125984.32,0.107588,0.0,0.0,0.0,0.3555,0.0,0.5065,0.1381,0.0,0.0,0.0,0.0
2024-07-30,124403.04,0.118789,0.0,0.0,0.0,0.3555,0.0,0.5065,0.1381,0.0,0.0,0.0,0.0
2024-07-31,126069.78,0.106983,0.0,0.0,0.0,0.3555,0.0,0.5065,0.1381,0.0,0.0,0.0,0.0
2024-08-01,124484.23,0.118214,0.0,0.0,0.0,0.3555,0.0,0.5065,0.1381,0.0,0.0,0.0,0.0
2024-08-02,121814.43,0.137126,0.0,0.0,0.0,0.3555,0.0,0.5065,0.1381,0.0,0.0,0.0,0.0
2024-08-05,116821.99,0.17249,0.2508,0.0,0.0,0.0,0.0,0.0,0.0895,0.1598,0.0,0.5,0.0
2024-08-06,118797.81,0.158494,0.2508,0.0,0.0,0.0,0.0,0.0,0.0895,0.1598,0.0,0.5,0.0
2024-08-07,118358.33,0.161607,0.2508,0.0,0.0,0.0,0.0,0.0,0.0895,0.1598,0.0,0.5,0.0
2024-08-08,121736.67,0.137677,0.2508,0.0,0.0,0.0,0.0,0.0,0.0895,0.1598,0.0,0.5,0.0
2024-08-09,122700.47,0.13085,0.2508,0.0,0.0,0.0,0.0,0.0,0.0895,0.1598,0.0,0.5,0.0
2024-08-12,122906.33,0.129391,0.2508,0.0,0.0,0.0,0.0,0.0,0.0895,0.1598,0.0,0.5,0.0
2024-08-13,125041.02,0.11427,0.2508,0.0,0.0,0.0,0.0,0.0,0.0895,0.1598,0.0,0.5,0.0
2024-08-14,125770.44,0.109103,0.2508,0.0,0.0,0.0,0.0,0.0,0.0895,0.1598,0.0,0.5,0.0
2024-08-15,126714.02,0.10242,0.2508,0.0,0.0,0.0,0.0,0.0,0.0895,0.1598,0.0,0.5,0.0
2024-08-16,127807.48,0.094674,0.2508,0.0,0.0,0.0,0.0,0.0,0.0895,0.1598,0.0,0.5,0.0
2024-08-19,128659.72,0.088637,0.2508,0.0,0.0,0.0,0.0,0.0,0.0895,0.1598,0.0,0.5,0.0
2024-08-20,128405.5,0.090438,0.2508,0.0,0.0,0.0,0.0,0.0,0.0895,0.1598,0.0,0.5,0.0
2024-08-21,128753.92,0.08797,0.2508,0.0,0.0,0.0,0.0,0.0,0.0895,0.1598,0.0,0.5,0.0
2024-08-22,127441.08,0.097269,0.2508,0.0,0.0,0.0,0.0,0.0,0.0895,0.1598,0.0,0.5,0.0
2024-08-23,128373.96,0.090661,0.2508,0.0,0.0,0.0,0.0,0.0,0.0895,0.1598,0.0,0.5,0.0
2024-08-26,127370.44,0.09777,0.2508,0.0,0.0,0.0,0.0,0.0,0.0895,0.1598,0.0,0.5,0.0
2024-08-27,127707.66,0.095381,0.2508,0.0,0.0,0.0,0.0,0.0,0.0895,0.1598,0.0,0.5,0.0
2024-08-28,126835.12,0.101562,0.2508,0.0,0.0,0.0,0.0,0.0,0.0895,0.1598,0.0,0.5,0.0
2024-08-29,126945.21,0.100782,0.2508,0.0,0.0,0.0,0.0,0.0,0.0895,0.1598,0.0,0.5,0.0
2024-08-30,127395.48,0.097592,0.2508,0.0,0.0,0.0,0.0,0.0,0.0895,0.1598,0.0,0.5,0.0
2024-09-03,124453.93,0.118429,0.2508,0.0,0.0,0.0,0.0,0.0,0.0895,0.1598,0.0,0.5,0.0
2024-09-04,124189.51,0.120302,0.3633,0.0,0.0,0.0,0.2597,0.0,0.0,0.127,0.0,0.25,0.0
2024-09-05,124546.76,0.117771,0.3633,0.0,0.0,0.0,0.2597,0.0,0.0,0.127,0.0,0.25,0.0
2024-09-06,123343.82,0.126292,0.3633,0.0,0.0,0.0,0.2597,0.0,0.0,0.127,0.0,0.25,0.0
2024-09-09,125845.11,0.108574,0.3633,0.0,0.0,0.0,0.2597,0.0,0.0,0.127,0.0,0.25,0.0
2024-09-10,125809.53,0.108826,0.3633,0.0,0.0,0.0,0.2597,0.0,0.0,0.127,0.0,0.25,0.0
2024-09-11,126785.79,0.101911,0.3633,0.0,0.0,0.0,0.2597,0.0,0.0,0.127,0.0,0.25,0.0
2024-09-12,127694.85,0.095472,0.3633,0.0,0.0,0.0,0.2597,0.0,0.0,0.127,0.0,0.25,0.0
2024-09-13,127976.23,0.093479,0.3633,0.0,0.0,0.0,0.2597,0.0,0.0,0.127,0.0,0.25,0.0
2024-09-16,127642.77,0.095841,0.3633,0.0,0.0,0.0,0.2597,0.0,0.0,0.127,0.0,0.25,0.0
2024-09-17,127976.48,0.093477,0.3633,0.0,0.0,0.0,0.2597,0.0,0.0,0.127,0.0,0.25,0.0
2024-09-18,128825.54,0.087463,0.3633,0.0,0.0,0.0,0.2597,0.0,0.0,0.127,0.0,0.25,0.0
2024-09-19,132062.1,0.064536,0.3633,0.0,0.0,0.0,0.2597,0.0,0.0,0.127,0.0,0.25,0.0
2024-09-20,132267.08,0.063084,0.3633,0.0,0.0,0.0,0.2597,0.0,0.0,0.127,0.0,0.25,0.0
2024-09-23,132490.45,0.061502,0.3633,0.0,0.0,0.0,0.2597,0.0,0.0,0.127,0.0,0.25,0.0
2024-09-24,132096.21,0.064295,0.3633,0.0,0.0,0.0,0.2597,0.0,0.0,0.127,0.0,0.25,0.0
2024-09-25,132288.05,0.062936,0.3633,0.0,0.0,0.0,0.2597,0.0,0.0,0.127,0.0,0.25,0.0
2024-09-26,132453.13,0.061766,0.3633,0.0,0.0,0.0,0.2597,0.0,0.0,0.127,0.0,0.25,0.0
2024-09-27,132393.16,0.062191,0.3633,0.0,0.0,0.0,0.2597,0.0,0.0,0.127,0.0,0.25,0.0
2024-09-30,133910.62,0.051442,0.3633,0.0,0.0,0.0,0.2597,0.0,0.0,0.127,0.0,0.25,0.0
2024-10-01,132312.52,0.062762,0.3633,0.0,0.0,0.0,0.2597,0.0,0.0,0.127,0.0,0.25,0.0
2024-10-02,132724.99,0.059841,0.3633,0.0,0.0,0.0,0.2597,0.0,0.0,0.127,0.0,0.25,0.0
2024-10-03,133975.98,0.050979,0.4008,0.0,0.0,0.0,0.4238,0.0,0.0,0.1754,0.0,0.0,0.0
2024-10-04,135982.81,0.036764,0.4008,0.0,0.0,0.0,0.4238,0.0,0.0,0.1754,0.0,0.0,0.0
2024-10-07,133015.93,0.05778,0.4008,0.0,0.0,0.0,0.4238,0.0,0.0,0.1754,0.0,0.0,0.0
2024-10-08,136303.1,0.034495,0.4008,0.0,0.0,0.0,0.4238,0.0,0.0,0.1754,0.0,0.0,0.0
2024-10-09,137973.13,0.022665,0.4008,0.0,0.0,0.0,0.4238,0.0,0.0,0.1754,0.0,0.0,0.0
2024-10-10,137439.37,0.026446,0.4008,0.0,0.0,0.0,0.4238,0.0,0.0,0.1754,0.0,0.0,0.0
2024-10-11,137673.07,0.024791,0.4008,0.0,0.0,0.0,0.4238,0.0,0.0,0.1754,0.0,0.0,0.0
2024-10-14,138544.11,0.018621,0.4008,0.0,0.0,0.0,0.4238,0.0,0.0,0.1754,0.0,0.0,0.0
2024-10-15,138167.37,0.02129,0.4008,0.0,0.0,0.0,0.4238,0.0,0.0,0.1754,0.0,0.0,0.0
2024-10-16,136456.95,0.033405,0.4008,0.0,0.0,0.0,0.4238,0.0,0.0,0.1754,0.0,0.0,0.0
2024-10-17,136600.34,0.03239,0.4008,0.0,0.0,0.0,0.4238,0.0,0.0,0.1754,0.0,0.0,0.0
2024-10-18,137813.1,0.023799,0.4008,0.0,0.0,0.0,0.4238,0.0,0.0,0.1754,0.0,0.0,0.0
2024-10-21,137876.38,0.023351,0.4008,0.0,0.0,0.0,0.4238,0.0,0.0,0.1754,0.0,0.0,0.0
2024-10-22,138537.13,0.01867,0.4008,0.0,0.0,0.0,0.4238,0.0,0.0,0.1754,0.0,0.0,0.0
2024-10-23,135338.34,0.041329,0.4008,0.0,0.0,0.0,0.4238,0.0,0.0,0.1754,0.0,0.0,0.0
2024-10-24,136270.44,0.034727,0.4008,0.0,0.0,0.0,0.4238,0.0,0.0,0.1754,0.0,0.0,0.0
2024-10-25,137777.99,0.024048,0.4008,0.0,0.0,0.0,0.4238,0.0,0.0,0.1754,0.0,0.0,0.0
2024-10-28,138792.55,0.016861,0.4008,0.0,0.0,0.0,0.4238,0.0,0.0,0.1754,0.0,0.0,0.0
2024-10-29,140299.8,0.006184,0.4008,0.0,0.0,0.0,0.4238,0.0,0.0,0.1754,0.0,0.0,0.0
2024-10-30,138566.03,0.018466,0.4008,0.0,0.0,0.0,0.4238,0.0,0.0,0.1754,0.0,0.0,0.0
2024-10-31,133947.27,0.051183,0.4008,0.0,0.0,0.0,0.4238,0.0,0.0,0.1754,0.0,0.0,0.0
2024-11-01,133408.64,0.054998,0.0,0.0,0.0,0.0,0.4437,0.0,0.2853,0.2711,0.0,0.0,0.0
2024-11-04,132486.18,0.061532,0.0,0.0,0.0,0.0,0.4437,0.0,0.2853,0.2711,0.0,0.0,0.0
2024-11-05,143171.2,0.0,0.0,0.0,0.0,0.0,0.4437,0.0,0.2853,0.2711,0.0,0.0,0.0
2024-11-06,148526.18,0.0,0.0,0.0,0.0,0.0,0.4437,0.0,0.2853,0.2711,0.0,0.0,0.0
2024-11-07,151790.35,0.0,0.0,0.0,0.0,0.0,0.4437,0.0,0.2853,0.2711,0.0,0.0,0.0
2024-11-08,153357.28,0.0,0.0,0.0,0.0,0.0,0.4437,0.0,0.2853,0.2711,0.0,0.0,0.0
2024-11-11,153644.33,0.0,0.0,0.0,0.0,0.0,0.4437,0.0,0.2853,0.2711,0.0,0.0,0.0
2024-11-12,154331.18,0.0,0.0,0.0,0.0,0.0,0.4437,0.0,0.2853,0.2711,0.0,0.0,0.0
2024-11-13,153994.98,0.002178,0.0,0.0,0.0,0.0,0.4437,0.0,0.2853,0.2711,0.0,0.0,0.0
2024-11-14,152527.07,0.01169,0.0,0.0,0.0,0.0,0.4437,0.0,0.2853,0.2711,0.0,0.0,0.0
2024-11-15,154464.15,0.0,0.0,0.0,0.0,0.0,0.4437,0.0,0.2853,0.2711,0.0,0.0,0.0
2024-11-18,150095.58,0.028282,0.0,0.0,0.0,0.0,0.4437,0.0,0.2853,0.2711,0.0,0.0,0.0
2024-11-19,154201.64,0.001699,0.0,0.0,0.0,0.0,0.4437,0.0,0.2853,0.2711,0.0,0.0,0.0
2024-11-20,153606.32,0.005554,0.0,0.0,0.0,0.0,0.4437,0.0,0.2853,0.2711,0.0,0.0,0.0
2024-11-21,152917.66,0.010012,0.0,0.0,0.0,0.0,0.4437,0.0,0.2853,0.2711,0.0,0.0,0.0
2024-11-22,153757.92,0.004572,0.0,0.0,0.0,0.0,0.4437,0.0,0.2853,0.2711,0.0,0.0,0.0
2024-11-25,152971.35,0.009664,0.0,0.0,0.0,0.0,0.4437,0.0,0.2853,0.2711,0.0,0.0,0.0
2024-11-26,155040.55,0.0,0.0,0.0,0.0,0.0,0.4437,0.0,0.2853,0.2711,0.0,0.0,0.0
2024-11-27,154412.43,0.004051,0.0,0.0,0.0,0.0,0.4437,0.0,0.2853,0.2711,0.0,0.0,0.0
2024-11-29,156650.2,0.0,0.0,0.0,0.0,0.0,0.4437,0.0,0.2853,0.2711,0.0,0.0,0.0
2024-12-02,158087.24,0.0,0.0,0.0,0.0,0.0,0.4437,0.0,0.2853,0.2711,0.0,0.0,0.0
2024-12-03,164649.89,0.0,0.6104,0.0,0.0,0.0,0.3038,0.0,0.0,0.0858,0.0,0.0,0.0
2024-12-04,164587.62,0.000378,0.6104,0.0,0.0,0.0,0.3038,0.0,0.0,0.0858,0.0,0.0,0.0
2024-12-05,164609.23,0.000247,0.6104,0.0,0.0,0.0,0.3038,0.0,0.0,0.0858,0.0,0.0,0.0
2024-12-06,166618.02,0.0,0.6104,0.0,0.0,0.0,0.3038,0.0,0.0,0.0858,0.0,0.0,0.0
2024-12-09,166639.19,0.0,0.6104,0.0,0.0,0.0,0.3038,0.0,0.0,0.0858,0.0,0.0,0.0
2024-12-10,167215.16,0.0,0.6104,0.0,0.0,0.0,0.3038,0.0,0.0,0.0858,0.0,0.0,0.0
2024-12-11,168089.3,0.0,0.6104,0.0,0.0,0.0,0.3038,0.0,0.0,0.0858,0.0,0.0,0.0
2024-12-12,168682.96,0.0,0.6104,0.0,0.0,0.0,0.3038,0.0,0.0,0.0858,0.0,0.0,0.0
2024-12-13,168477.92,0.001216,0.6104,0.0,0.0,0.0,0.3038,0.0,0.0,0.0858,0.0,0.0,0.0
2024-12-16,169934.9,0.0,0.6104,0.0,0.0,0.0,0.3038,0.0,0.0,0.0858,0.0,0.0,0.0
2024-12-17,170285.51,0.0,0.6104,0.0,0.0,0.0,0.3038,0.0,0.0,0.0858,0.0,0.0,0.0
2024-12-18,165662.08,0.027151,0.6104,0.0,0.0,0.0,0.3038,0.0,0.0,0.0858,0.0,0.0,0.0
2024-12-19,166788.67,0.020535,0.6104,0.0,0.0,0.0,0.3038,0.0,0.0,0.0858,0.0,0.0,0.0
2024-12-20,169160.46,0.006607,0.6104,0.0,0.0,0.0,0.3038,0.0,0.0,0.0858,0.0,0.0,0.0
2024-12-23,170694.15,0.0,0.6104,0.0,0.0,0.0,0.3038,0.0,0.0,0.0858,0.0,0.0,0.0
2024-12-24,172883.41,0.0,0.6104,0.0,0.0,0.0,0.3038,0.0,0.0,0.0858,0.0,0.0,0.0
2024-12-26,172819.13,0.000372,0.6104,0.0,0.0,0.0,0.3038,0.0,0.0,0.0858,0.0,0.0,0.0
2024-12-27,170502.81,0.01377,0.6104,0.0,0.0,0.0,0.3038,0.0,0.0,0.0858,0.0,0.0,0.0
2024-12-30,168026.95,0.028091,0.6104,0.0,0.0,0.0,0.3038,0.0,0.0,0.0858,0.0,0.0,0.0
2024-12-31,166516.8,0.036826,0.6104,0.0,0.0,0.0,0.3038,0.0,0.0,0.0858,0.0,0.0,0.0
2025-01-02,164820.73,0.046637,0.6104,0.0,0.0,0.0,0.3038,0.0,0.0,0.0858,0.0,0.0,0.0
2025-01-03,165990.03,0.039873,0.0,0.4528,0.0,0.0,0.0,0.0,0.3359,0.2112,0.0,0.0,0.0
2025-01-06,167306.47,0.032258,0.0,0.4528,0.0,0.0,0.0,0.0,0.3359,0.2112,0.0,0.0,0.0
2025-01-07,159289.98,0.078628,0.0,0.4528,0.0,0.0,0.0,0.0,0.3359,0.2112,0.0,0.0,0.0
2025-01-08,158514.25,0.083115,0.0,0.4528,0.0,0.0,0.0,0.0,0.3359,0.2112,0.0,0.0,0.0
2025-01-10,155403.74,0.101107,0.0,0.4528,0.0,0.0,0.0,0.0,0.3359,0.2112,0.0,0.0,0.0
2025-01-13,153212.5,0.113781,0.0,0.4528,0.0,0.0,0.0,0.0,0.3359,0.2112,0.0,0.0,0.0
2025-01-14,152819.39,0.116055,0.0,0.4528,0.0,0.0,0.0,0.0,0.3359,0.2112,0.0,0.0,0.0
2025-01-15,157393.58,0.089597,0.0,0.4528,0.0,0.0,0.0,0.0,0.3359,0.2112,0.0,0.0,0.0
2025-01-16,155946.28,0.097969,0.0,0.4528,0.0,0.0,0.0,0.0,0.3359,0.2112,0.0,0.0,0.0
2025-01-17,160417.12,0.072108,0.0,0.4528,0.0,0.0,0.0,0.0,0.3359,0.2112,0.0,0.0,0.0
2025-01-21,163785.67,0.052624,0.0,0.4528,0.0,0.0,0.0,0.0,0.3359,0.2112,0.0,0.0,0.0
2025-01-22,169292.97,0.020768,0.0,0.4528,0.0,0.0,0.0,0.0,0.3359,0.2112,0.0,0.0,0.0
2025-01-23,170412.25,0.014294,0.0,0.4528,0.0,0.0,0.0,0.0,0.3359,0.2112,0.0,0.0,0.0
2025-01-24,168450.3,0.025642,0.0,0.4528,0.0,0.0,0.0,0.0,0.3359,0.2112,0.0,0.0,0.0
2025-01-27,157773.73,0.087398,0.0,0.4528,0.0,0.0,0.0,0.0,0.3359,0.2112,0.0,0.0,0.0
2025-01-28,164855.75,0.046434,0.0,0.4528,0.0,0.0,0.0,0.0,0.3359,0.2112,0.0,0.0,0.0
2025-01-29,162251.44,0.061498,0.0,0.4528,0.0,0.0,0.0,0.0,0.3359,0.2112,0.0,0.0,0.0
2025-01-30,162442.62,0.060392,0.0,0.4528,0.0,0.0,0.0,0.0,0.3359,0.2112,0.0,0.0,0.0
2025-01-31,162253.98,0.061483,0.0,0.4528,0.0,0.0,0.0,0.0,0.3359,0.2112,0.0,0.0,0.0
2025-02-03,161401.53,0.066414,0.0,0.4528,0.0,0.0,0.0,0.0,0.3359,0.2112,0.0,0.0,0.0
2025-02-04,172521.5,0.002093,0.0,0.4528,0.0,0.0,0.0,0.0,0.3359,0.2112,0.0,0.0,0.0
2025-02-05,171845.79,0.006002,0.0,0.4491,0.0,0.0,0.4429,0.0,0.0,0.1081,0.0,0.0,0.0
2025-02-06,175290.15,0.0,0.0,0.4491,0.0,0.0,0.4429,0.0,0.0,0.1081,0.0,0.0,0.0
2025-02-07,172326.49,0.016907,0.0,0.4491,0.0,0.0,0.4429,0.0,0.0,0.1081,0.0,0.0,0.0
2025-02-10,174996.79,0.001674,0.0,0.4491,0.0,0.0,0.4429,0.0,0.0,0.1081,0.0,0.0,0.0
2025-02-11,174392.22,0.005123,0.0,0.4491,0.0,0.0,0.4429,0.0,0.0,0.1081,0.0,0.0,0.0
2025-02-12,174613.61,0.00386,0.0,0.4491,0.0,0.0,0.4429,0.0,0.0,0.1081,0.0,0.0,0.0
2025-02-13,175518.47,0.0,0.0,0.4491,0.0,0.0,0.4429,0.0,0.0,0.1081,0.0,0.0,0.0
2025-02-14,176064.05,0.0,0.0,0.4491,0.0,0.0,0.4429,0.0,0.0,0.1081,0.0,0.0,0.0
2025-02-18,174229.35,0.010421,0.0,0.4491,0.0,0.0,0.4429,0.0,0.0,0.1081,0.0,0.0,0.0
2025-02-19,170576.15,0.03117,0.0,0.4491,0.0,0.0,0.4429,0.0,0.0,0.1081,0.0,0.0,0.0
2025-02-20,167338.57,0.049559,0.0,0.4491,0.0,0.0,0.4429,0.0,0.0,0.1081,0.0,0.0,0.0
2025-02-21,163176.38,0.073199,0.0,0.4491,0.0,0.0,0.4429,0.0,0.0,0.1081,0.0,0.0,0.0
2025-02-24,158310.11,0.100838,0.0,0.4491,0.0,0.0,0.4429,0.0,0.0,0.1081,0.0,0.0,0.0
2025-02-25,156684.42,0.110071,0.0,0.4491,0.0,0.0,0.4429,0.0,0.0,0.1081,0.0,0.0,0.0
2025-02-26,159192.13,0.095828,0.0,0.4491,0.0,0.0,0.4429,0.0,0.0,0.1081,0.0,0.0,0.0
2025-02-27,154878.23,0.12033,0.0,0.4491,0.0,0.0,0.4429,0.0,0.0,0.1081,0.0,0.0,0.0
2025-02-28,157125.44,0.107567,0.0,0.4491,0.0,0.0,0.4429,0.0,0.0,0.1081,0.0,0.0,0.0
2025-03-03,153077.13,0.13056,0.0,0.4491,0.0,0.0,0.4429,0.0,0.0,0.1081,0.0,0.0,0.0
2025-03-04,151248.4,0.140947,0.0,0.4491,0.0,0.0,0.4429,0.0,0.0,0.1081,0.0,0.0,0.0
2025-03-05,155545.84,0.116538,0.0,0.4491,0.0,0.0,0.4429,0.0,0.0,0.1081,0.0,0.0,0.0
2025-03-06,148225.29,0.158117,0.0,0.4491,0.0,0.0,0.4429,0.0,0.0,0.1081,0.0,0.0,0.0
2025-03-07,148324.05,0.157556,0.0,0.0,0.0,0.0,0.0,0.0,0.0,0.0,0.0,1.0,0.0
2025-03-10,148594.05,0.156023,0.0,0.0,0.0,0.0,0.0,0.0,0.0,0.0,0.0,1.0,0.0
2025-03-11,148504.05,0.156534,0.0,0.0,0.0,0.0,0.0,0.0,0.0,0.0,0.0,1.0,0.0
2025-03-12,148396.05,0.157147,0.0,0.0,0.0,0.0,0.0,0.0,0.0,0.0,0.0,1.0,0.0
2025-03-13,148504.05,0.156534,0.0,0.0,0.0,0.0,0.0,0.0,0.0,0.0,0.0,1.0,0.0
2025-03-14,148396.05,0.157147,0.0,0.0,0.0,0.0,0.0,0.0,0.0,0.0,0.0,1.0,0.0
2025-03-17,148342.05,0.157454,0.0,0.0,0.0,0.0,0.0,0.0,0.0,0.0,0.0,1.0,0.0
2025-03-18,148342.05,0.157454,0.0,0.0,0.0,0.0,0.0,0.0,0.0,0.0,0.0,1.0,0.0
2025-03-19,148558.05,0.156227,0.0,0.0,0.0,0.0,0.0,0.0,0.0,0.0,0.0,1.0,0.0
2025-03-20,148594.05,0.156023,0.0,0.0,0.0,0.0,0.0,0.0,0.0,0.0,0.0,1.0,0.0
2025-03-21,148684.05,0.155512,0.0,0.0,0.0,0.0,0.0,0.0,0.0,0.0,0.0,1.0,0.0
2025-03-24,148486.05,0.156636,0.0,0.0,0.0,0.0,0.0,0.0,0.0,0.0,0.0,1.0,0.0
2025-03-25,148540.05,0.156329,0.0,0.0,0.0,0.0,0.0,0.0,0.0,0.0,0.0,1.0,0.0
2025-03-26,148504.05,0.156534,0.0,0.0,0.0,0.0,0.0,0.0,0.0,0.0,0.0,1.0,0.0
2025-03-27,148576.05,0.156125,0.0,0.0,0.0,0.0,0.0,0.0,0.0,0.0,0.0,1.0,0.0
2025-03-28,148846.05,0.154591,0.0,0.0,0.0,0.0,0.0,0.0,0.0,0.0,0.0,1.0,0.0
2025-03-31,148954.05,0.153978,0.0,0.0,0.0,0.0,0.0,0.0,0.0,0.0,0.0,1.0,0.0
2025-04-01,148504.05,0.156534,0.0,0.0,0.0,0.0,0.0,0.0,0.0,0.0,0.0,1.0,0.0
2025-04-02,148396.05,0.157147,0.0,0.0,0.0,0.0,0.0,0.0,0.0,0.0,0.0,1.0,0.0
2025-04-03,148954.05,0.153978,0.0,0.0,0.0,0.0,0.0,0.0,0.0,0.0,0.0,1.0,0.0
2025-04-04,148864.05,0.154489,0.0,0.0,0.0,0.0,0.0,0.0,0.0,0.0,0.0,1.0,0.0
2025-04-07,148882.05,0.154387,0.0,0.0,0.0,0.0,0.0,0.0,0.0,0.0,0.0,1.0,0.0
2025-04-08,148792.05,0.154898,0.0,0.0,0.0,0.0,0.0,0.0,0.0,0.0,0.0,1.0,0.0
2025-04-09,148702.05,0.155409,0.0,0.0,0.0,0.0,0.0,0.0,0.0,0.0,0.0,1.0,0.0
2025-04-10,148684.05,0.155512,0.0,0.0,0.0,0.0,0.0,0.0,0.0,0.0,0.0,1.0,0.0
2025-04-11,148414.05,0.157045,0.0,0.0,0.0,0.0,0.0,0.0,0.0,0.0,0.0,1.0,0.0
2025-04-14,148738.05,0.155205,0.0,0.0,0.0,0.0,0.0,0.0,0.0,0.0,0.0,1.0,0.0
2025-04-15,148738.05,0.155205,0.0,0.0,0.0,0.0,0.0,0.0,0.0,0.0,0.0,1.0,0.0
2025-04-16,148936.05,0.15408,0.0,0.0,0.0,0.0,0.0,0.0,0.0,0.0,0.0,1.0,0.0
2025-04-17,148990.05,0.153774,0.0,0.0,0.0,0.0,0.0,0.0,0.0,0.0,0.0,1.0,0.0
2025-04-21,148900.05,0.154285,0.0,0.0,0.0,0.0,0.0,0.0,0.0,0.0,0.0,1.0,0.0
2025-04-22,148954.05,0.153978,0.0,0.0,0.0,0.0,0.0,0.0,0.0,0.0,0.0,1.0,0.0
2025-04-23,148846.05,0.154591,0.0,0.0,0.0,0.0,0.0,0.0,0.0,0.0,0.0,1.0,0.0
2025-04-24,149026.05,0.153569,0.0,0.0,0.0,0.0,0.0,0.0,0.0,0.0,0.0,1.0,0.0
2025-04-25,149152.05,0.152853,0.0,0.0,0.0,0.0,0.0,0.0,0.0,0.0,0.0,1.0,0.0
2025-04-28,149368.05,0.151627,0.0,0.0,0.0,0.0,0.0,0.0,0.0,0.0,0.0,1.0,0.0
2025-04-29,149458.05,0.151115,0.0,0.0,0.0,0.0,0.0,0.0,0.0,0.0,0.0,1.0,0.0
2025-04-30,149656.05,0.149991,0.0,0.0,0.0,0.0,0.0,0.0,0.0,0.0,0.0,1.0,0.0
2025-05-01,148882.05,0.154387,0.0,0.0,0.0,0.0,0.0,0.0,0.0,0.0,0.0,1.0,0.0
2025-05-02,148594.05,0.156023,0.0,0.0,0.0,0.0,0.0,0.0,0.0,0.0,0.0,1.0,0.0
2025-05-05,148576.05,0.156125,0.0,0.0,0.0,0.0,0.0,0.0,0.0,0.0,0.0,1.0,0.0
2025-05-06,148702.05,0.155409,0.0,0.0,0.0,0.0,0.0,0.0,0.0,0.0,0.0,1.0,0.0
2025-05-07,148756.05,0.155103,0.0,0.0,0.0,0.0,0.0,0.0,0.0,0.0,0.0,1.0,0.0
2025-05-08,148450.05,0.156841,0.0,0.0,0.0,0.0,0.0,0.0,0.0,0.0,0.0,1.0,0.0
2025-05-09,148522.05,0.156432,0.0,0.0,0.0,0.0,0.0,0.0,0.0,0.0,0.0,1.0,0.0
2025-05-12,148252.05,0.157965,0.0,0.0,0.0,0.0,0.0,0.0,0.0,0.0,0.0,1.0,0.0
2025-05-13,148216.05,0.15817,0.0,0.0,0.0,0.0,0.0,0.0,0.0,0.0,0.0,1.0,0.0
2025-05-14,148108.05,0.158783,0.0,0.0,0.0,0.0,0.0,0.0,0.0,0.0,0.0,1.0,0.0
2025-05-15,148396.05,0.157147,0.0,0.0,0.0,0.0,0.0,0.0,0.0,0.0,0.0,1.0,0.0
2025-05-16,148360.05,0.157352,0.0,0.0,0.0,0.0,0.0,0.0,0.0,0.0,0.0,1.0,0.0
2025-05-19,148414.05,0.157045,0.0,0.0,0.0,0.0,0.0,0.0,0.0,0.0,0.0,1.0,0.0
2025-05-20,148432.05,0.156943,0.0,0.0,0.0,0.0,0.0,0.0,0.0,0.0,0.0,1.0,0.0
2025-05-21,148342.05,0.157454,0.0,0.0,0.0,0.0,0.0,0.0,0.0,0.0,0.0,1.0,0.0
2025-05-22,148432.05,0.156943,0.0,0.0,0.0,0.0,0.0,0.0,0.0,0.0,0.0,1.0,0.0
2025-05-23,148522.05,0.156432,0.0,0.0,0.0,0.0,0.0,0.0,0.0,0.0,0.0,1.0,0.0
2025-05-27,148576.05,0.156125,0.0,0.0,0.0,0.0,0.0,0.0,0.0,0.0,0.0,1.0,0.0
2025-05-28,148468.05,0.156738,0.0,0.0,0.0,0.0,0.0,0.0,0.0,0.0,0.0,1.0,0.0
2025-05-29,148630.05,0.155818,0.0,0.0,0.0,0.0,0.0,0.0,0.0,0.0,0.0,1.0,0.0
2025-05-30,148810.05,0.154796,0.0,0.0,0.0,0.0,0.0,0.0,0.0,0.0,0.0,1.0,0.0
2025-06-02,148198.05,0.158272,0.0,0.0,0.0,0.0,0.0,0.0,0.0,0.0,0.0,1.0,0.0
2025-06-03,148162.05,0.158476,0.0,0.0,0.0,0.0,0.0,0.0,0.0,0.0,0.0,1.0,0.0
2025-06-04,148432.05,0.156943,0.0,0.0,0.0,0.0,0.0,0.0,0.0,0.0,0.0,1.0,0.0
2025-06-05,148270.05,0.157863,0.0,0.0,0.0,0.0,0.0,0.0,0.0,0.0,0.0,1.0,0.0
2025-06-06,148018.05,0.159294,0.0,0.0,0.1141,0.0,0.0,0.3116,0.0,0.0743,0.0,0.5,0.0
2025-06-09,148497.35,0.156572,0.0,0.0,0.1141,0.0,0.0,0.3116,0.0,0.0743,0.0,0.5,0.0
2025-06-10,148406.31,0.157089,0.0,0.0,0.1141,0.0,0.0,0.3116,0.0,0.0743,0.0,0.5,0.0
2025-06-11,149560.83,0.150532,0.0,0.0,0.1141,0.0,0.0,0.3116,0.0,0.0743,0.0,0.5,0.0
2025-06-12,150348.01,0.146061,0.0,0.0,0.1141,0.0,0.0,0.3116,0.0,0.0743,0.0,0.5,0.0
2025-06-13,149599.73,0.150311,0.0,0.0,0.1141,0.0,0.0,0.3116,0.0,0.0743,0.0,0.5,0.0
2025-06-16,150576.43,0.144763,0.0,0.0,0.1141,0.0,0.0,0.3116,0.0,0.0743,0.0,0.5,0.0
2025-06-17,150042.93,0.147793,0.0,0.0,0.1141,0.0,0.0,0.3116,0.0,0.0743,0.0,0.5,0.0
2025-06-18,150574.41,0.144775,0.0,0.0,0.1141,0.0,0.0,0.3116,0.0,0.0743,0.0,0.5,0.0
2025-06-20,150034.97,0.147839,0.0,0.0,0.1141,0.0,0.0,0.3116,0.0,0.0743,0.0,0.5,0.0
2025-06-23,151459.13,0.13975,0.0,0.0,0.1141,0.0,0.0,0.3116,0.0,0.0743,0.0,0.5,0.0
2025-06-24,152885.07,0.131651,0.0,0.0,0.1141,0.0,0.0,0.3116,0.0,0.0743,0.0,0.5,0.0
2025-06-25,153141.71,0.130193,0.0,0.0,0.1141,0.0,0.0,0.3116,0.0,0.0743,0.0,0.5,0.0
2025-06-26,154230.81,0.124007,0.0,0.0,0.1141,0.0,0.0,0.3116,0.0,0.0743,0.0,0.5,0.0
2025-06-27,152838.21,0.131917,0.0,0.0,0.1141,0.0,0.0,0.3116,0.0,0.0743,0.0,0.5,0.0
2025-06-30,153944.55,0.125633,0.0,0.0,0.1141,0.0,0.0,0.3116,0.0,0.0743,0.0,0.5,0.0
2025-07-01,151877.35,0.137374,0.0,0.0,0.1141,0.0,0.0,0.3116,0.0,0.0743,0.0,0.5,0.0
2025-07-02,152248.99,0.135264,0.0,0.0,0.1141,0.0,0.0,0.3116,0.0,0.0743,0.0,0.5,0.0
2025-07-03,153479.17,0.128276,0.0,0.0,0.1141,0.0,0.0,0.3116,0.0,0.0743,0.0,0.5,0.0
2025-07-07,153692.77,0.127063,0.0,0.0,0.1141,0.0,0.0,0.3116,0.0,0.0743,0.0,0.5,0.0
2025-07-08,153482.87,0.128255,0.0,0.0,0.1141,0.0,0.0,0.3116,0.0,0.0743,0.0,0.5,0.0
2025-07-09,154930.01,0.120036,0.0,0.0,0.1878,0.0,0.0,0.4428,0.0,0.1193,0.0,0.25,0.0
2025-07-10,154312.66,0.123542,0.0,0.0,0.1878,0.0,0.0,0.4428,0.0,0.1193,0.0,0.25,0.0
2025-07-11,154395.84,0.12307,0.0,0.0,0.1878,0.0,0.0,0.4428,0.0,0.1193,0.0,0.25,0.0
2025-07-14,155396.06,0.117389,0.0,0.0,0.1878,0.0,0.0,0.4428,0.0,0.1193,0.0,0.25,0.0
2025-07-15,156218.83,0.112716,0.0,0.0,0.1878,0.0,0.0,0.4428,0.0,0.1193,0.0,0.25,0.0
2025-07-16,156532.61,0.110934,0.0,0.0,0.1878,0.0,0.0,0.4428,0.0,0.1193,0.0,0.25,0.0
2025-07-17,158329.3,0.100729,0.0,0.0,0.1878,0.0,0.0,0.4428,0.0,0.1193,0.0,0.25,0.0
2025-07-18,157753.66,0.103998,0.0,0.0,0.1878,0.0,0.0,0.4428,0.0,0.1193,0.0,0.25,0.0
2025-07-21,158061.78,0.102248,0.0,0.0,0.1878,0.0,0.0,0.4428,0.0,0.1193,0.0,0.25,0.0
2025-07-22,156087.12,0.113464,0.0,0.0,0.1878,0.0,0.0,0.4428,0.0,0.1193,0.0,0.25,0.0
2025-07-23,157383.53,0.106101,0.0,0.0,0.1878,0.0,0.0,0.4428,0.0,0.1193,0.0,0.25,0.0
2025-07-24,158583.81,0.099283,0.0,0.0,0.1878,0.0,0.0,0.4428,0.0,0.1193,0.0,0.25,0.0
2025-07-25,159653.28,0.093209,0.0,0.0,0.1878,0.0,0.0,0.4428,0.0,0.1193,0.0,0.25,0.0
2025-07-28,159791.49,0.092424,0.0,0.0,0.1878,0.0,0.0,0.4428,0.0,0.1193,0.0,0.25,0.0
2025-07-29,159949.1,0.091529,0.0,0.0,0.1878,0.0,0.0,0.4428,0.0,0.1193,0.0,0.25,0.0
2025-07-30,160844.54,0.086443,0.0,0.0,0.1878,0.0,0.0,0.4428,0.0,0.1193,0.0,0.25,0.0
2025-07-31,162638.68,0.076253,0.0,0.0,0.1878,0.0,0.0,0.4428,0.0,0.1193,0.0,0.25,0.0
2025-08-01,160374.74,0.089111,0.0,0.0,0.1878,0.0,0.0,0.4428,0.0,0.1193,0.0,0.25,0.0
2025-08-04,163720.83,0.070106,0.0,0.0,0.1878,0.0,0.0,0.4428,0.0,0.1193,0.0,0.25,0.0
2025-08-05,163762.25,0.069871,0.0,0.0,0.1878,0.0,0.0,0.4428,0.0,0.1193,0.0,0.25,0.0
2025-08-06,165111.95,0.062205,0.0,0.0,0.1878,0.0,0.0,0.4428,0.0,0.1193,0.0,0.25,0.0
2025-08-07,165096.09,0.062295,0.0,0.0,0.3611,0.0,0.0,0.0,0.3829,0.256,0.0,0.0,0.0
2025-08-08,167106.38,0.050877,0.0,0.0,0.3611,0.0,0.0,0.0,0.3829,0.256,0.0,0.0,0.0
2025-08-11,165684.62,0.058953,0.0,0.0,0.3611,0.0,0.0,0.0,0.3829,0.256,0.0,0.0,0.0
2025-08-12,168809.79,0.041202,0.0,0.0,0.3611,0.0,0.0,0.0,0.3829,0.256,0.0,0.0,0.0
2025-08-13,166928.22,0.051889,0.0,0.0,0.3611,0.0,0.0,0.0,0.3829,0.256,0.0,0.0,0.0
2025-08-14,166723.88,0.05305,0.0,0.0,0.3611,0.0,0.0,0.0,0.3829,0.256,0.0,0.0,0.0
2025-08-15,164328.16,0.066657,0.0,0.0,0.3611,0.0,0.0,0.0,0.3829,0.256,0.0,0.0,0.0
2025-08-18,164033.58,0.06833,0.0,0.0,0.3611,0.0,0.0,0.0,0.3829,0.256,0.0,0.0,0.0
2025-08-19,155923.17,0.114395,0.0,0.0,0.3611,0.0,0.0,0.0,0.3829,0.256,0.0,0.0,0.0
2025-08-20,154704.43,0.121317,0.0,0.0,0.3611,0.0,0.0,0.0,0.3829,0.256,0.0,0.0,0.0
2025-08-21,154289.4,0.123675,0.0,0.0,0.3611,0.0,0.0,0.0,0.3829,0.256,0.0,0.0,0.0
2025-08-22,156793.65,0.109451,0.0,0.0,0.3611,0.0,0.0,0.0,0.3829,0.256,0.0,0.0,0.0
2025-08-25,157111.24,0.107647,0.0,0.0,0.3611,0.0,0.0,0.0,0.3829,0.256,0.0,0.0,0.0
2025-08-26,159390.86,0.0947,0.0,0.0,0.3611,0.0,0.0,0.0,0.3829,0.256,0.0,0.0,0.0
2025-08-27,158811.92,0.097988,0.0,0.0,0.3611,0.0,0.0,0.0,0.3829,0.256,0.0,0.0,0.0
2025-08-28,160282.65,0.089634,0.0,0.0,0.3611,0.0,0.0,0.0,0.3829,0.256,0.0,0.0,0.0
2025-08-29,155659.47,0.115893,0.0,0.0,0.3611,0.0,0.0,0.0,0.3829,0.256,0.0,0.0,0.0
2025-09-02,154727.25,0.121188,0.0,0.0,0.3611,0.0,0.0,0.0,0.3829,0.256,0.0,0.0,0.0
2025-09-03,154978.92,0.119758,0.0,0.0,0.3611,0.0,0.0,0.0,0.3829,0.256,0.0,0.0,0.0
2025-09-04,156355.48,0.11194,0.0,0.0,0.3611,0.0,0.0,0.0,0.3829,0.256,0.0,0.0,0.0
2025-09-05,159679.03,0.093063,0.0,0.0,0.3611,0.0,0.0,0.0,0.3829,0.256,0.0,0.0,0.0
2025-09-08,162928.89,0.074604,0.0,0.0,0.2513,0.0,0.0,0.0,0.4763,0.2723,0.0,0.0,0.0
2025-09-09,164776.54,0.06411,0.0,0.0,0.2513,0.0,0.0,0.0,0.4763,0.2723,0.0,0.0,0.0
2025-09-10,172931.43,0.017793,0.0,0.0,0.2513,0.0,0.0,0.0,0.4763,0.2723,0.0,0.0,0.0
2025-09-11,171008.83,0.028712,0.0,0.0,0.2513,0.0,0.0,0.0,0.4763,0.2723,0.0,0.0,0.0
2025-09-12,173344.68,0.015445,0.0,0.0,0.2513,0.0,0.0,0.0,0.4763,0.2723,0.0,0.0,0.0
2025-09-15,173747.89,0.013155,0.0,0.0,0.2513,0.0,0.0,0.0,0.4763,0.2723,0.0,0.0,0.0
2025-09-16,171672.4,0.024943,0.0,0.0,0.2513,0.0,0.0,0.0,0.4763,0.2723,0.0,0.0,0.0
2025-09-17,167376.35,0.049344,0.0,0.0,0.2513,0.0,0.0,0.0,0.4763,0.2723,0.0,0.0,0.0
2025-09-18,172476.3,0.020378,0.0,0.0,0.2513,0.0,0.0,0.0,0.4763,0.2723,0.0,0.0,0.0
2025-09-19,174165.43,0.010784,0.0,0.0,0.2513,0.0,0.0,0.0,0.4763,0.2723,0.0,0.0,0.0
2025-09-22,175770.03,0.00167,0.0,0.0,0.2513,0.0,0.0,0.0,0.4763,0.2723,0.0,0.0,0.0
2025-09-23,174314.23,0.009939,0.0,0.0,0.2513,0.0,0.0,0.0,0.4763,0.2723,0.0,0.0,0.0
2025-09-24,172835.67,0.018336,0.0,0.0,0.2513,0.0,0.0,0.0,0.4763,0.2723,0.0,0.0,0.0
2025-09-25,172663.85,0.019312,0.0,0.0,0.2513,0.0,0.0,0.0,0.4763,0.2723,0.0,0.0,0.0
2025-09-26,172268.89,0.021556,0.0,0.0,0.2513,0.0,0.0,0.0,0.4763,0.2723,0.0,0.0,0.0
2025-09-29,173540.17,0.014335,0.0,0.0,0.2513,0.0,0.0,0.0,0.4763,0.2723,0.0,0.0,0.0
2025-09-30,176968.92,0.0,0.0,0.0,0.2513,0.0,0.0,0.0,0.4763,0.2723,0.0,0.0,0.0
2025-10-01,178402.34,0.0,0.0,0.0,0.2513,0.0,0.0,0.0,0.4763,0.2723,0.0,0.0,0.0
2025-10-02,180324.61,0.0,0.0,0.0,0.2513,0.0,0.0,0.0,0.4763,0.2723,0.0,0.0,0.0
2025-10-03,175791.24,0.02514,0.0,0.0,0.2513,0.0,0.0,0.0,0.4763,0.2723,0.0,0.0,0.0
2025-10-06,176327.16,0.022168,0.0,0.0,0.2513,0.0,0.0,0.0,0.4763,0.2723,0.0,0.0,0.0
2025-10-07,176954.98,0.018686,0.0,0.0,0.0,0.4505,0.0,0.0,0.324,0.2255,0.0,0.0,0.0
2025-10-08,178147.66,0.012072,0.0,0.0,0.0,0.4505,0.0,0.0,0.324,0.2255,0.0,0.0,0.0
2025-10-09,178633.93,0.009376,0.0,0.0,0.0,0.4505,0.0,0.0,0.324,0.2255,0.0,0.0,0.0
2025-10-10,171922.63,0.046594,0.0,0.0,0.0,0.4505,0.0,0.0,0.324,0.2255,0.0,0.0,0.0
2025-10-13,176360.62,0.021983,0.0,0.0,0.0,0.4505,0.0,0.0,0.324,0.2255,0.0,0.0,0.0
2025-10-14,174774.28,0.03078,0.0,0.0,0.0,0.4505,0.0,0.0,0.324,0.2255,0.0,0.0,0.0
2025-10-15,176494.12,0.021242,0.0,0.0,0.0,0.4505,0.0,0.0,0.324,0.2255,0.0,0.0,0.0
2025-10-16,176916.76,0.018898,0.0,0.0,0.0,0.4505,0.0,0.0,0.324,0.2255,0.0,0.0,0.0
2025-10-17,177955.18,0.01314,0.0,0.0,0.0,0.4505,0.0,0.0,0.324,0.2255,0.0,0.0,0.0
2025-10-20,179582.32,0.004116,0.0,0.0,0.0,0.4505,0.0,0.0,0.324,0.2255,0.0,0.0,0.0
2025-10-21,177134.32,0.017692,0.0,0.0,0.0,0.4505,0.0,0.0,0.324,0.2255,0.0,0.0,0.0
2025-10-22,175942.54,0.024301,0.0,0.0,0.0,0.4505,0.0,0.0,0.324,0.2255,0.0,0.0,0.0
2025-10-23,178066.63,0.012522,0.0,0.0,0.0,0.4505,0.0,0.0,0.324,0.2255,0.0,0.0,0.0
2025-10-24,182458.54,0.0,0.0,0.0,0.0,0.4505,0.0,0.0,0.324,0.2255,0.0,0.0,0.0
2025-10-27,188100.46,0.0,0.0,0.0,0.0,0.4505,0.0,0.0,0.324,0.2255,0.0,0.0,0.0
2025-10-28,190557.1,0.0,0.0,0.0,0.0,0.4505,0.0,0.0,0.324,0.2255,0.0,0.0,0.0
2025-10-29,196731.58,0.0,0.0,0.0,0.0,0.4505,0.0,0.0,0.324,0.2255,0.0,0.0,0.0
2025-10-30,196755.13,0.0,0.0,0.0,0.0,0.4505,0.0,0.0,0.324,0.2255,0.0,0.0,0.0
2025-10-31,197834.05,0.0,0.0,0.0,0.0,0.4505,0.0,0.0,0.324,0.2255,0.0,0.0,0.0
2025-11-03,201479.77,0.0,0.0,0.0,0.0,0.4505,0.0,0.0,0.324,0.2255,0.0,0.0,0.0
2025-11-04,193346.38,0.040368,0.0,0.0,0.0,0.4505,0.0,0.0,0.324,0.2255,0.0,0.0,0.0
2025-11-05,193842.58,0.037905,0.4119,0.0,0.0,0.3471,0.0,0.0,0.241,0.0,0.0,0.0,0.0
2025-11-06,192133.5,0.046388,0.4119,0.0,0.0,0.3471,0.0,0.0,0.241,0.0,0.0,0.0,0.0
2025-11-07,190369.9,0.055141,0.4119,0.0,0.0,0.3471,0.0,0.0,0.241,0.0,0.0,0.0,0.0
2025-11-10,195994.62,0.027224,0.4119,0.0,0.0,0.3471,0.0,0.0,0.241,0.0,0.0,0.0,0.0
2025-11-11,196589.37,0.024272,0.4119,0.0,0.0,0.3471,0.0,0.0,0.241,0.0,0.0,0.0,0.0
2025-11-12,195131.63,0.031508,0.4119,0.0,0.0,0.3471,0.0,0.0,0.241,0.0,0.0,0.0,0.0
2025-11-13,191398.53,0.050036,0.4119,0.0,0.0,0.3471,0.0,0.0,0.241,0.0,0.0,0.0,0.0
2025-11-14,191520.56,0.04943,0.4119,0.0,0.0,0.3471,0.0,0.0,0.241,0.0,0.0,0.0,0.0
2025-11-17,191239.04,0.050828,0.4119,0.0,0.0,0.3471,0.0,0.0,0.241,0.0,0.0,0.0,0.0
2025-11-18,189806.14,0.057939,0.4119,0.0,0.0,0.3471,0.0,0.0,0.241,0.0,0.0,0.0,0.0
2025-11-19,193382.86,0.040187,0.4119,0.0,0.0,0.3471,0.0,0.0,0.241,0.0,0.0,0.0,0.0
2025-11-20,190503.13,0.05448,0.4119,0.0,0.0,0.3471,0.0,0.0,0.241,0.0,0.0,0.0,0.0
2025-11-21,194037.85,0.036936,0.4119,0.0,0.0,0.3471,0.0,0.0,0.241,0.0,0.0,0.0,0.0
2025-11-24,200686.95,0.003935,0.4119,0.0,0.0,0.3471,0.0,0.0,0.241,0.0,0.0,0.0,0.0
2025-11-25,201013.19,0.002316,0.4119,0.0,0.0,0.3471,0.0,0.0,0.241,0.0,0.0,0.0,0.0
2025-11-26,200943.81,0.00266,0.4119,0.0,0.0,0.3471,0.0,0.0,0.241,0.0,0.0,0.0,0.0
2025-11-28,200602.45,0.004354,0.4119,0.0,0.0,0.3471,0.0,0.0,0.241,0.0,0.0,0.0,0.0
2025-12-01,201305.64,0.000864,0.4119,0.0,0.0,0.3471,0.0,0.0,0.241,0.0,0.0,0.0,0.0
2025-12-02,202802.37,0.0,0.4119,0.0,0.0,0.3471,0.0,0.0,0.241,0.0,0.0,0.0,0.0
2025-12-03,202655.16,0.000726,0.4119,0.0,0.0,0.3471,0.0,0.0,0.241,0.0,0.0,0.0,0.0
2025-12-04,202068.86,0.003617,0.4119,0.0,0.0,0.3471,0.0,0.0,0.241,0.0,0.0,0.0,0.0
2025-12-05,202132.03,0.003305,0.5629,0.0,0.1799,0.2572,0.0,0.0,0.0,0.0,0.0,0.0,0.0
2025-12-08,201563.34,0.00611,0.5629,0.0,0.1799,0.2572,0.0,0.0,0.0,0.0,0.0,0.0,0.0
2025-12-09,202297.29,0.002491,0.5629,0.0,0.1799,0.2572,0.0,0.0,0.0,0.0,0.0,0.0,0.0
2025-12-10,204075.26,0.0,0.5629,0.0,0.1799,0.2572,0.0,0.0,0.0,0.0,0.0,0.0,0.0
2025-12-11,201902.88,0.010645,0.5629,0.0,0.1799,0.2572,0.0,0.0,0.0,0.0,0.0,0.0,0.0
2025-12-12,197180.42,0.033786,0.5629,0.0,0.1799,0.2572,0.0,0.0,0.0,0.0,0.0,0.0,0.0
2025-12-15,193435.63,0.052136,0.5629,0.0,0.1799,0.2572,0.0,0.0,0.0,0.0,0.0,0.0,0.0
2025-12-16,193512.55,0.051759,0.5629,0.0,0.1799,0.2572,0.0,0.0,0.0,0.0,0.0,0.0,0.0
2025-12-17,189375.5,0.072031,0.5629,0.0,0.1799,0.2572,0.0,0.0,0.0,0.0,0.0,0.0,0.0
2025-12-18,190801.42,0.065044,0.5629,0.0,0.1799,0.2572,0.0,0.0,0.0,0.0,0.0,0.0,0.0
2025-12-19,193136.6,0.053601,0.5629,0.0,0.1799,0.2572,0.0,0.0,0.0,0.0,0.0,0.0,0.0
2025-12-22,192558.19,0.056435,0.5629,0.0,0.1799,0.2572,0.0,0.0,0.0,0.0,0.0,0.0,0.0
2025-12-23,194592.99,0.046465,0.5629,0.0,0.1799,0.2572,0.0,0.0,0.0,0.0,0.0,0.0,0.0
2025-12-24,195226.43,0.043361,0.5629,0.0,0.1799,0.2572,0.0,0.0,0.0,0.0,0.0,0.0,0.0
2025-12-26,195143.4,0.043767,0.5629,0.0,0.1799,0.2572,0.0,0.0,0.0,0.0,0.0,0.0,0.0
2025-12-29,195043.51,0.044257,0.5629,0.0,0.1799,0.2572,0.0,0.0,0.0,0.0,0.0,0.0,0.0
2025-12-30,194855.54,0.045178,0.5629,0.0,0.1799,0.2572,0.0,0.0,0.0,0.0,0.0,0.0,0.0
2025-12-31,193872.18,0.049997,0.5629,0.0,0.1799,0.2572,0.0,0.0,0.0,0.0,0.0,0.0,0.0
2026-01-02,194012.89,0.049307,0.5629,0.0,0.1799,0.2572,0.0,0.0,0.0,0.0,0.0,0.0,0.0
2026-01-05,192316.08,0.057622,0.5629,0.0,0.1799,0.2572,0.0,0.0,0.0,0.0,0.0,0.0,0.0
2026-01-06,189995.23,0.068994,0.5629,0.0,0.1799,0.2572,0.0,0.0,0.0,0.0,0.0,0.0,0.0
2026-01-07,190371.92,0.067148,0.4962,0.2437,0.0,0.2601,0.0,0.0,0.0,0.0,0.0,0.0,0.0
2026-01-08,191342.48,0.062393,0.4962,0.2437,0.0,0.2601,0.0,0.0,0.0,0.0,0.0,0.0,0.0
2026-01-09,192150.11,0.058435,0.4962,0.2437,0.0,0.2601,0.0,0.0,0.0,0.0,0.0,0.0,0.0
2026-01-12,192797.32,0.055264,0.4962,0.2437,0.0,0.2601,0.0,0.0,0.0,0.0,0.0,0.0,0.0
2026-01-13,192972.71,0.054404,0.4962,0.2437,0.0,0.2601,0.0,0.0,0.0,0.0,0.0,0.0,0.0
2026-01-14,191415.84,0.062033,0.4962,0.2437,0.0,0.2601,0.0,0.0,0.0,0.0,0.0,0.0,0.0
2026-01-15,190607.92,0.065992,0.4962,0.2437,0.0,0.2601,0.0,0.0,0.0,0.0,0.0,0.0,0.0
2026-01-16,189392.9,0.071946,0.4962,0.2437,0.0,0.2601,0.0,0.0,0.0,0.0,0.0,0.0,0.0
2026-01-20,183413.4,0.101246,0.4962,0.2437,0.0,0.2601,0.0,0.0,0.0,0.0,0.0,0.0,0.0
2026-01-21,184792.96,0.094486,0.4962,0.2437,0.0,0.2601,0.0,0.0,0.0,0.0,0.0,0.0,0.0
2026-01-22,185958.6,0.088774,0.4962,0.2437,0.0,0.2601,0.0,0.0,0.0,0.0,0.0,0.0,0.0
2026-01-23,186372.49,0.086746,0.4962,0.2437,0.0,0.2601,0.0,0.0,0.0,0.0,0.0,0.0,0.0
2026-01-26,189713.84,0.070373,0.4962,0.2437,0.0,0.2601,0.0,0.0,0.0,0.0,0.0,0.0,0.0
2026-01-27,192148.45,0.058443,0.4962,0.2437,0.0,0.2601,0.0,0.0,0.0,0.0,0.0,0.0,0.0
2026-01-28,191388.73,0.062166,0.4962,0.2437,0.0,0.2601,0.0,0.0,0.0,0.0,0.0,0.0,0.0
2026-01-29,192151.77,0.058427,0.4962,0.2437,0.0,0.2601,0.0,0.0,0.0,0.0,0.0,0.0,0.0
2026-01-30,192081.36,0.058772,0.4962,0.2437,0.0,0.2601,0.0,0.0,0.0,0.0,0.0,0.0,0.0
2026-02-02,197466.51,0.032384,0.4962,0.2437,0.0,0.2601,0.0,0.0,0.0,0.0,0.0,0.0,0.0
2026-02-03,195832.43,0.040391,0.4962,0.2437,0.0,0.2601,0.0,0.0,0.0,0.0,0.0,0.0,0.0
2026-02-04,196268.58,0.038254,0.4962,0.2437,0.0,0.2601,0.0,0.0,0.0,0.0,0.0,0.0,0.0
2026-02-05,193807.15,0.050315,0.4962,0.2437,0.0,0.2601,0.0,0.0,0.0,0.0,0.0,0.0,0.0
2026-02-06,190948.46,0.064323,0.3698,0.0,0.1968,0.4334,0.0,0.0,0.0,0.0,0.0,0.0,0.0
2026-02-09,191670.96,0.060783,0.3698,0.0,0.1968,0.4334,0.0,0.0,0.0,0.0,0.0,0.0,0.0
2026-02-10,189571.7,0.07107,0.3698,0.0,0.1968,0.4334,0.0,0.0,0.0,0.0,0.0,0.0,0.0
2026-02-11,188341.28,0.077099,0.3698,0.0,0.1968,0.4334,0.0,0.0,0.0,0.0,0.0,0.0,0.0
2026-02-12,183057.63,0.10299,0.3698,0.0,0.1968,0.4334,0.0,0.0,0.0,0.0,0.0,0.0,0.0
2026-02-13,180040.6,0.117774,0.3698,0.0,0.1968,0.4334,0.0,0.0,0.0,0.0,0.0,0.0,0.0
2026-02-17,181968.14,0.108328,0.3698,0.0,0.1968,0.4334,0.0,0.0,0.0,0.0,0.0,0.0,0.0
2026-02-18,182531.05,0.10557,0.3698,0.0,0.1968,0.4334,0.0,0.0,0.0,0.0,0.0,0.0,0.0
2026-02-19,181508.12,0.110582,0.3698,0.0,0.1968,0.4334,0.0,0.0,0.0,0.0,0.0,0.0,0.0
2026-02-20,185475.32,0.091143,0.3698,0.0,0.1968,0.4334,0.0,0.0,0.0,0.0,0.0,0.0,0.0
2026-02-23,184727.96,0.094805,0.3698,0.0,0.1968,0.4334,0.0,0.0,0.0,0.0,0.0,0.0,0.0
2026-02-24,185541.6,0.090818,0.3698,0.0,0.1968,0.4334,0.0,0.0,0.0,0.0,0.0,0.0,0.0
2026-02-25,187346.21,0.081975,0.3698,0.0,0.1968,0.4334,0.0,0.0,0.0,0.0,0.0,0.0,0.0
2026-02-26,184420.93,0.096309,0.3698,0.0,0.1968,0.4334,0.0,0.0,0.0,0.0,0.0,0.0,0.0
2026-02-27,183082.6,0.102867,0.3698,0.0,0.1968,0.4334,0.0,0.0,0.0,0.0,0.0,0.0,0.0
2026-03-02,181796.02,0.109172,0.3698,0.0,0.1968,0.4334,0.0,0.0,0.0,0.0,0.0,0.0,0.0
2026-03-03,180212.23,0.116932,0.3698,0.0,0.1968,0.4334,0.0,0.0,0.0,0.0,0.0,0.0,0.0
2026-03-04,180119.95,0.117385,0.3698,0.0,0.1968,0.4334,0.0,0.0,0.0,0.0,0.0,0.0,0.0
2026-03-05,180771.35,0.114193,0.3698,0.0,0.1968,0.4334,0.0,0.0,0.0,0.0,0.0,0.0,0.0
2026-03-06,179203.56,0.121875,0.3698,0.0,0.1968,0.4334,0.0,0.0,0.0,0.0,0.0,0.0,0.0
2026-03-09,183544.11,0.100606,0.3698,0.0,0.1968,0.4334,0.0,0.0,0.0,0.0,0.0,0.0,0.0
2026-03-10,183571.54,0.100471,0.2501,0.0,0.0,0.2961,0.0,0.0,0.2037,0.0,0.0,0.25,0.0
2026-03-11,184093.42,0.097914,0.2501,0.0,0.0,0.2961,0.0,0.0,0.2037,0.0,0.0,0.25,0.0
2026-03-12,181631.73,0.109977,0.2501,0.0,0.0,0.2961,0.0,0.0,0.2037,0.0,0.0,0.25,0.0
2026-03-13,179858.22,0.118667,0.2501,0.0,0.0,0.2961,0.0,0.0,0.2037,0.0,0.0,0.25,0.0
2026-03-16,181569.32,0.110283,0.2501,0.0,0.0,0.2961,0.0,0.0,0.2037,0.0,0.0,0.25,0.0
2026-03-17,182511.16,0.105667,0.2501,0.0,0.0,0.2961,0.0,0.0,0.2037,0.0,0.0,0.25,0.0
2026-03-18,180792.25,0.11409,0.2501,0.0,0.0,0.2961,0.0,0.0,0.2037,0.0,0.0,0.25,0.0
2026-03-19,180137.89,0.117297,0.2501,0.0,0.0,0.2961,0.0,0.0,0.2037,0.0,0.0,0.25,0.0
2026-03-20,177598.72,0.129739,0.2501,0.0,0.0,0.2961,0.0,0.0,0.2037,0.0,0.0,0.25,0.0
2026-03-23,179062.7,0.122565,0.2501,0.0,0.0,0.2961,0.0,0.0,0.2037,0.0,0.0,0.25,0.0
