Date,Close
2020-06-01,100.01000214
2020-06-02,100.01300049
2020-06-03,100.01499939
2020-06-04,100.01499939
2020-06-05,100.01000214
2020-06-08,100.01000214
2020-06-09,100.01000214
2020-06-10,100.01499939
2020-06-11,100.01499939
2020-06-12,100.01499939
2020-06-15,100.01499939
2020-06-16,100.01499939
2020-06-17,100.01999664
2020-06-18,100.02400208
2020-06-19,100.02500153
2020-06-22,100.01999664
2020-06-23,100.01999664
2020-06-24,100.01999664
2020-06-25,100.01999664
2020-06-26,100.01499939
2020-06-29,100.02500153
2020-06-30,100.02500153
2020-07-01,100.01499939
2020-07-02,100.02100372
2020-07-06,100.01499939
2020-07-07,100.01499939
2020-07-08,100.01499939
2020-07-09,100.02500153
2020-07-10,100.02899933
2020-07-13,100.02500153
2020-07-14,100.01999664
2020-07-15,100.01999664
2020-07-16,100.01999664
2020-07-17,100.01999664
2020-07-20,100.01999664
2020-07-21,100.01999664
2020-07-22,100.01999664
2020-07-23,100.01999664
2020-07-24,100.01999664
2020-07-27,100.01999664
2020-07-28,100.01999664
2020-07-29,100.02500153
2020-07-30,100.01999664
2020-07-31,100.02500153
2020-08-03,100.01499939
2020-08-04,100.01499939
2020-08-05,100.01499939
2020-08-06,100.01499939
2020-08-07,100.01999664
2020-08-10,100.01499939
2020-08-11,100.01499939
2020-08-12,100.01999664
2020-08-13,100.01999664
2020-08-14,100.02500153
2020-08-17,100.02500153
2020-08-18,100.01999664
2020-08-19,100.02700043
2020-08-20,100.01999664
2020-08-21,100.01999664
2020-08-24,100.01999664
2020-08-25,100.02500153
2020-08-26,100.01000214
2020-08-27,100.02999878
2020-08-28,100.01999664
2020-08-31,100.01999664
2020-09-01,100.00000000
2020-09-02,100.01000214
2020-09-03,100.01499939
2020-09-04,100.01499939
2020-09-08,100.01499939
2020-09-09,100.01999664
2020-09-10,100.01499939
2020-09-11,100.01499939
2020-09-14,100.01499939
2020-09-15,100.01499939
2020-09-16,100.01499939
2020-09-17,100.01499939
2020-09-18,100.01499939
2020-09-21,100.01499939
2020-09-22,100.01499939
2020-09-23,100.01499939
2020-09-24,100.01499939
2020-09-25,100.01999664
2020-09-28,100.01999664
2020-09-29,100.01999664
2020-09-30,100.01999664
2020-10-01,100.01499939
2020-10-02,100.01000214
2020-10-05,100.01899719
2020-10-06,100.01499939
2020-10-07,100.01499939
2020-10-08,100.01499939
2020-10-09,100.01499939
2020-10-12,100.01499939
2020-10-13,100.01499939
2020-10-14,100.01499939
2020-10-15,100.01499939
2020-10-16,100.01499939
2020-10-19,100.01499939
2020-10-20,100.01499939
2020-10-21,100.01499939
2020-10-22,100.01499939
2020-10-23,100.01999664
2020-10-26,100.01999664
2020-10-27,100.01999664
2020-10-28,100.01999664
2020-10-29,100.01999664
2020-10-30,100.01999664
2020-11-02,100.01999664
2020-11-03,100.01499939
2020-11-04,100.01499939
2020-11-05,100.01499939
2020-11-06,100.01499939
2020-11-09,100.01999664
2020-11-10,100.01499939
2020-11-11,100.01499939
2020-11-12,100.01499939
2020-11-13,100.01499939
2020-11-16,100.01499939
2020-11-17,100.01499939
2020-11-18,100.01999664
2020-11-19,100.01499939
2020-11-20,100.01499939
2020-11-23,100.01999664
2020-11-24,100.01999664
2020-11-25,100.01000214
2020-11-27,100.01999664
2020-11-30,100.01999664
2020-12-01,100.01000214
2020-12-02,100.01000214
2020-12-03,100.01499939
2020-12-04,100.01499939
2020-12-07,100.01000214
2020-12-08,100.01000214
2020-12-09,100.01000214
2020-12-10,100.01499939
2020-12-11,100.01499939
2020-12-14,100.01499939
2020-12-15,100.01499939
2020-12-16,100.02500153
2020-12-17,100.01499939
2020-12-18,100.01499939
2020-12-21,100.01499939
2020-12-22,100.01499939
2020-12-23,100.01000214
2020-12-24,100.01000214
2020-12-28,100.01000214
2020-12-29,100.01000214
2020-12-30,100.01499939
2020-12-31,100.01499939
2021-01-04,100.01499939
2021-01-05,100.01499939
2021-01-06,100.01000214
2021-01-07,100.01499939
2021-01-08,100.01499939
2021-01-11,100.01499939
2021-01-12,100.01499939
2021-01-13,100.01000214
2021-01-14,100.01000214
2021-01-15,100.01499939
2021-01-19,100.01000214
2021-01-20,100.01499939
2021-01-21,100.01499939
2021-01-22,100.01499939
2021-01-25,100.01999664
2021-01-26,100.01999664
2021-01-27,100.01999664
2021-01-28,100.01999664
2021-01-29,100.01999664
2021-02-01,100.01499939
2021-02-02,100.01000214
2021-02-03,100.01000214
2021-02-04,100.01000214
2021-02-05,100.01499939
2021-02-08,100.01499939
2021-02-09,100.01000214
2021-02-10,100.01499939
2021-02-11,100.01499939
2021-02-12,100.01499939
2021-02-16,100.01499939
2021-02-17,100.01000214
2021-02-18,100.01499939
2021-02-19,100.01499939
2021-02-22,100.01499939
2021-02-23,100.01499939
2021-02-24,100.01999664
2021-02-25,100.01000214
2021-02-26,100.01499939
2021-03-01,100.02999878
2021-03-02,100.02999878
2021-03-03,100.01000214
2021-03-04,100.01999664
2021-03-05,100.01999664
2021-03-08,100.01999664
2021-03-09,100.01499939
2021-03-10,100.01999664
2021-03-11,100.01499939
2021-03-12,100.01499939
2021-03-15,100.01999664
2021-03-16,100.02500153
2021-03-17,100.02500153
2021-03-18,100.01999664
2021-03-19,100.02500153
2021-03-22,100.02100372
2021-03-23,100.02799988
2021-03-24,100.02500153
2021-03-25,100.01999664
2021-03-26,100.02500153
2021-03-29,100.01499939
2021-03-30,100.02500153
2021-03-31,100.01499939
2021-04-01,100.02500153
2021-04-05,100.01999664
2021-04-06,100.02999878
2021-04-07,100.01999664
2021-04-08,100.02999878
2021-04-09,100.01999664
2021-04-12,100.01999664
2021-04-13,100.02500153
2021-04-14,100.02500153
2021-04-15,100.02500153
2021-04-16,100.02999878
2021-04-19,100.02999878
2021-04-20,100.02500153
2021-04-21,100.01999664
2021-04-22,100.02999878
2021-04-23,100.02999878
2021-04-26,100.01999664
2021-04-27,100.01999664
2021-04-28,100.02500153
2021-04-29,100.02999878
2021-04-30,100.02999878
2021-05-03,100.02999878
2021-05-04,100.01999664
2021-05-05,100.02500153
2021-05-06,100.02500153
2021-05-07,100.02200317
2021-05-10,100.02999878
2021-05-11,100.01999664
2021-05-12,100.02500153
2021-05-13,100.01999664
2021-05-14,100.02500153
2021-05-17,100.01999664
2021-05-18,100.02500153
2021-05-19,100.01999664
2021-05-20,100.01999664
2021-05-21,100.01999664
2021-05-24,100.02799988
2021-05-25,100.02999878
2021-05-26,100.02500153
2021-05-27,100.01999664
2021-05-28,100.02999878
2021-06-01,100.02500153
2021-06-02,100.02500153
2021-06-03,100.01999664
2021-06-04,100.01999664
2021-06-07,100.02200317
2021-06-08,100.02999878
2021-06-09,100.02500153
2021-06-10,100.02500153
2021-06-11,100.02500153
2021-06-14,100.02500153
2021-06-15,100.02500153
2021-06-16,100.02500153
2021-06-17,100.02200317
2021-06-18,100.01499939
2021-06-21,100.01499939
2021-06-22,100.02999878
2021-06-23,100.01999664
2021-06-24,100.01999664
2021-06-25,100.02999878
2021-06-28,100.01999664
2021-06-29,100.02500153
2021-06-30,100.02500153
2021-07-01,100.02100372
2021-07-02,100.02100372
2021-07-06,100.02500153
2021-07-07,100.01999664
2021-07-08,100.01999664
2021-07-09,100.01999664
2021-07-12,100.01999664
2021-07-13,100.02500153
2021-07-14,100.01999664
2021-07-15,100.01999664
2021-07-16,100.02500153
2021-07-19,100.02500153
2021-07-20,100.01999664
2021-07-21,100.02999878
2021-07-22,100.02500153
2021-07-23,100.02999878
2021-07-26,100.02100372
2021-07-27,100.02500153
2021-07-28,100.02999878
2021-07-29,100.02899933
2021-07-30,100.02500153
2021-08-02,100.01499939
2021-08-03,100.02500153
2021-08-04,100.02999878
2021-08-05,100.02500153
2021-08-06,100.02500153
2021-08-09,100.01999664
2021-08-10,100.01999664
2021-08-11,100.01999664
2021-08-12,100.01499939
2021-08-13,100.02500153
2021-08-16,100.02999878
2021-08-17,100.01000214
2021-08-18,100.02500153
2021-08-19,100.01999664
2021-08-20,100.02999878
2021-08-23,100.01999664
2021-08-24,100.02500153
2021-08-25,100.01999664
2021-08-26,100.02500153
2021-08-27,100.02500153
2021-08-30,100.02500153
2021-08-31,100.02500153
2021-09-01,100.02500153
2021-09-02,100.02200317
2021-09-03,100.02500153
2021-09-07,100.02999878
2021-09-08,100.02500153
2021-09-09,100.01699829
2021-09-10,100.02999878
2021-09-13,100.02500153
2021-09-14,100.01999664
2021-09-15,100.02999878
2021-09-16,100.02999878
2021-09-17,100.02500153
2021-09-20,100.02200317
2021-09-21,100.02500153
2021-09-22,100.02500153
2021-09-23,100.02100372
2021-09-24,100.02500153
2021-09-27,100.02500153
2021-09-28,100.01999664
2021-09-29,100.02999878
2021-09-30,100.02500153
2021-10-01,100.01499939
2021-10-04,100.02100372
2021-10-05,100.02500153
2021-10-06,100.01499939
2021-10-07,100.01499939
2021-10-08,100.02600098
2021-10-11,100.01999664
2021-10-12,100.01999664
2021-10-13,100.01999664
2021-10-14,100.01999664
2021-10-15,100.01999664
2021-10-18,100.02899933
2021-10-19,100.01999664
2021-10-20,100.01999664
2021-10-21,100.02999878
2021-10-22,100.02600098
2021-10-25,100.01000214
2021-10-26,100.01999664
2021-10-27,100.01300049
2021-10-28,100.01499939
2021-10-29,100.01999664
2021-11-01,100.01999664
2021-11-02,100.02999878
2021-11-03,100.02999878
2021-11-04,100.01999664
2021-11-05,100.01999664
2021-11-08,100.02500153
2021-11-09,100.01999664
2021-11-10,100.02999878
2021-11-11,100.01999664
2021-11-12,100.01999664
2021-11-15,100.01999664
2021-11-16,100.01000214
2021-11-17,100.01999664
2021-11-18,100.01999664
2021-11-19,100.01999664
2021-11-22,100.01999664
2021-11-23,100.02600098
2021-11-24,100.02999878
2021-11-26,100.01999664
2021-11-29,100.02500153
2021-11-30,100.01999664
2021-12-01,100.01499939
2021-12-02,100.01499939
2021-12-03,100.01999664
2021-12-06,100.01999664
2021-12-07,100.01799774
2021-12-08,100.01499939
2021-12-09,100.01999664
2021-12-10,100.02500153
2021-12-13,100.02500153
2021-12-14,100.01999664
2021-12-15,100.01999664
2021-12-16,100.02500153
2021-12-17,100.01999664
2021-12-20,100.01499939
2021-12-21,100.01899719
2021-12-22,100.01999664
2021-12-23,100.02899933
2021-12-27,100.01999664
2021-12-28,100.01999664
2021-12-29,100.01499939
2021-12-30,100.01499939
2021-12-31,100.02500153
2022-01-03,100.01999664
2022-01-04,100.01100159
2022-01-05,100.01499939
2022-01-06,100.01999664
2022-01-07,100.02500153
2022-01-10,100.01999664
2022-01-11,100.01999664
2022-01-12,100.01899719
2022-01-13,100.01499939
2022-01-14,100.02500153
2022-01-18,100.02700043
2022-01-19,100.02500153
2022-01-20,100.01999664
2022-01-21,100.01999664
2022-01-24,100.01000214
2022-01-25,100.02200317
2022-01-26,100.02500153
2022-01-27,100.01999664
2022-01-28,100.02899933
2022-01-31,100.02500153
2022-02-01,100.02700043
2022-02-02,100.01999664
2022-02-03,100.01999664
2022-02-04,100.01899719
2022-02-07,100.02500153
2022-02-08,100.02300262
2022-02-09,100.02500153
2022-02-10,100.01999664
2022-02-11,100.01000214
2022-02-14,100.01999664
2022-02-15,100.01999664
2022-02-16,100.02999878
2022-02-17,100.02999878
2022-02-18,100.02999878
2022-02-22,100.02100372
2022-02-23,100.02999878
2022-02-24,100.01999664
2022-02-25,100.02999878
2022-02-28,100.02999878
2022-03-01,100.02999878
2022-03-02,100.01999664
2022-03-03,100.02500153
2022-03-04,100.02999878
2022-03-07,100.02999878
2022-03-08,100.02999878
2022-03-09,100.01999664
2022-03-10,100.02999878
2022-03-11,100.02999878
2022-03-14,100.02999878
2022-03-15,100.01999664
2022-03-16,100.02999878
2022-03-17,100.02999878
2022-03-18,100.02999878
2022-03-21,100.02999878
2022-03-22,100.03500366
2022-03-23,100.04000092
2022-03-24,100.04000092
2022-03-25,100.02999878
2022-03-28,100.02999878
2022-03-29,100.04000092
2022-03-30,100.05000305
2022-03-31,100.05000305
2022-04-01,100.02999878
2022-04-04,100.02999878
2022-04-05,100.02400208
2022-04-06,100.02500153
2022-04-07,100.02999878
2022-04-08,100.02999878
2022-04-11,100.02999878
2022-04-12,100.02999878
2022-04-13,100.03500366
2022-04-14,100.03800201
2022-04-18,100.04000092
2022-04-19,100.04000092
2022-04-20,100.04000092
2022-04-21,100.04000092
2022-04-22,100.04000092
2022-04-25,100.04499817
2022-04-26,100.05000305
2022-04-27,100.05000305
2022-04-28,100.05999756
2022-04-29,100.05999756
2022-05-02,100.02999878
2022-05-03,100.02999878
2022-05-04,100.02999878
2022-05-05,100.04000092
2022-05-06,100.04000092
2022-05-09,100.04000092
2022-05-10,100.04000092
2022-05-11,100.04000092
2022-05-12,100.04000092
2022-05-13,100.04000092
2022-05-16,100.04000092
2022-05-17,100.05000305
2022-05-18,100.05000305
2022-05-19,100.05999756
2022-05-20,100.05000305
2022-05-23,100.06500244
2022-05-24,100.06999969
2022-05-25,100.06999969
2022-05-26,100.08000183
2022-05-27,100.08000183
2022-05-31,100.08000183
2022-06-01,100.04000092
2022-06-02,100.05000305
2022-06-03,100.05000305
2022-06-06,100.04000092
2022-06-07,100.04000092
2022-06-08,100.04000092
2022-06-09,100.05000305
2022-06-10,100.05000305
2022-06-13,100.04000092
2022-06-14,100.04000092
2022-06-15,100.03500366
2022-06-16,100.05999756
2022-06-17,100.06999969
2022-06-21,100.08999634
2022-06-22,100.08000183
2022-06-23,100.08999634
2022-06-24,100.06999969
2022-06-27,100.08999634
2022-06-28,100.08999634
2022-06-29,100.09999847
2022-06-30,100.12000275
2022-07-01,100.04000092
2022-07-05,100.05000305
2022-07-06,100.05000305
2022-07-07,100.05999756
2022-07-08,100.05999756
2022-07-11,100.05999756
2022-07-12,100.05000305
2022-07-13,100.04000092
2022-07-14,100.06999969
2022-07-15,100.05999756
2022-07-18,100.06999969
2022-07-19,100.08000183
2022-07-20,100.08000183
2022-07-21,100.08999634
2022-07-22,100.11000061
2022-07-25,100.11000061
2022-07-26,100.09999847
2022-07-27,100.12000275
2022-07-28,100.12000275
2022-07-29,100.09999847
2022-08-01,100.02999878
2022-08-02,100.03500366
2022-08-03,100.05000305
2022-08-04,100.05999756
2022-08-05,100.05999756
2022-08-08,100.05999756
2022-08-09,100.08000183
2022-08-10,100.06999969
2022-08-11,100.08999634
2022-08-12,100.09999847
2022-08-15,100.09999847
2022-08-16,100.11000061
2022-08-17,100.12000275
2022-08-18,100.12999725
2022-08-19,100.12999725
2022-08-22,100.16999817
2022-08-23,100.13999939
2022-08-24,100.16000366
2022-08-25,100.18499756
2022-08-26,100.18499756
2022-08-29,100.19000244
2022-08-30,100.19000244
2022-08-31,100.19999695
2022-09-01,100.05999756
2022-09-02,100.05999756
2022-09-06,100.06999969
2022-09-07,100.08999634
2022-09-08,100.11000061
2022-09-09,100.09999847
2022-09-12,100.09999847
2022-09-13,100.12999725
2022-09-14,100.12000275
2022-09-15,100.15000153
2022-09-16,100.15000153
2022-09-19,100.16000366
2022-09-20,100.18000031
2022-09-21,100.19000244
2022-09-22,100.19999695
2022-09-23,100.22000122
2022-09-26,100.22000122
2022-09-27,100.23000336
2022-09-28,100.23000336
2022-09-29,100.26000214
2022-09-30,100.26999664
2022-10-03,100.12000275
2022-10-04,100.12999725
2022-10-05,100.12999725
2022-10-06,100.16000366
2022-10-07,100.16999817
2022-10-10,100.16999817
2022-10-11,100.18000031
2022-10-12,100.16000366
2022-10-13,100.19000244
2022-10-14,100.20999908
2022-10-17,100.19999695
2022-10-18,100.22000122
2022-10-19,100.22000122
2022-10-20,100.23999786
2022-10-21,100.26000214
2022-10-24,100.26999664
2022-10-25,100.26000214
2022-10-26,100.26000214
2022-10-27,100.30999756
2022-10-28,100.30999756
2022-10-31,100.30999756
2022-11-01,100.08000183
2022-11-02,100.09999847
2022-11-03,100.13999939
2022-11-04,100.15000153
2022-11-07,100.16000366
2022-11-08,100.16999817
2022-11-09,100.19999695
2022-11-10,100.20999908
2022-11-11,100.22000122
2022-11-14,100.22000122
2022-11-15,100.22000122
2022-11-16,100.20999908
2022-11-17,100.26000214
2022-11-18,100.26000214
2022-11-21,100.27999878
2022-11-22,100.30999756
2022-11-23,100.33000183
2022-11-25,100.33999634
2022-11-28,100.36000061
2022-11-29,100.36000061
2022-11-30,100.37000275
2022-12-01,100.12999725
2022-12-02,100.13999939
2022-12-05,100.16999817
2022-12-06,100.19000244
2022-12-07,100.18000031
2022-12-08,100.23000336
2022-12-09,100.23000336
2022-12-12,100.25000000
2022-12-13,100.26000214
2022-12-14,100.26000214
2022-12-15,99.97000122
2022-12-16,99.98000336
2022-12-19,99.98000336
2022-12-20,100.00000000
2022-12-21,100.00000000
2022-12-22,100.05999756
2022-12-23,100.05999756
2022-12-27,100.08999634
2022-12-28,100.09999847
2022-12-29,100.13999939
2022-12-30,100.13999939
2023-01-03,100.16000366
2023-01-04,100.15000153
2023-01-05,100.19000244
2023-01-06,100.20999908
2023-01-09,100.20999908
2023-01-10,100.20999908
2023-01-11,100.20999908
2023-01-12,100.27999878
2023-01-13,100.29000092
2023-01-17,100.27999878
2023-01-18,100.30999756
2023-01-19,100.33000183
2023-01-20,100.34999847
2023-01-23,100.34999847
2023-01-24,100.37999725
2023-01-25,100.38999939
2023-01-26,100.41999817
2023-01-27,100.43000031
2023-01-30,100.45999908
2023-01-31,100.45999908
2023-02-01,100.08000183
2023-02-02,100.12999725
2023-02-03,100.13999939
2023-02-06,100.13999939
2023-02-07,100.16000366
2023-02-08,100.16999817
2023-02-09,100.20999908
2023-02-10,100.22000122
2023-02-13,100.23999786
2023-02-14,100.23000336
2023-02-15,100.26000214
2023-02-16,100.30000305
2023-02-17,100.30999756
2023-02-21,100.33000183
2023-02-22,100.34999847
2023-02-23,100.38999939
2023-02-24,100.40000153
2023-02-27,100.41000366
2023-02-28,100.43000031
2023-03-01,100.16000366
2023-03-02,100.20999908
2023-03-03,100.22000122
2023-03-06,100.20999908
2023-03-07,100.23999786
2023-03-08,100.25000000
2023-03-09,100.27999878
2023-03-10,100.30000305
2023-03-13,100.33000183
2023-03-14,100.34999847
2023-03-15,100.38999939
2023-03-16,100.41000366
2023-03-17,100.41999817
2023-03-20,100.43000031
2023-03-21,100.45999908
2023-03-22,100.44999695
2023-03-23,100.48999786
2023-03-24,100.52999878
2023-03-27,100.51000214
2023-03-28,100.54000092
2023-03-29,100.55000305
2023-03-30,100.56999969
2023-03-31,100.58000183
2023-04-03,100.23000336
2023-04-04,100.25000000
2023-04-05,100.29000092
2023-04-06,100.31999969
2023-04-10,100.33000183
2023-04-11,100.33000183
2023-04-12,100.34999847
2023-04-13,100.41000366
2023-04-14,100.41999817
2023-04-17,100.41999817
2023-04-18,100.44000244
2023-04-19,100.47000122
2023-04-20,100.51000214
2023-04-21,100.51999664
2023-04-24,100.52999878
2023-04-25,100.52999878
2023-04-26,100.52999878
2023-04-27,100.55999756
2023-04-28,100.55999756
2023-05-01,100.18000031
2023-05-02,100.19999695
2023-05-03,100.19999695
2023-05-04,100.25000000
2023-05-05,100.26000214
2023-05-08,100.26999664
2023-05-09,100.27999878
2023-05-10,100.30000305
2023-05-11,100.36000061
2023-05-12,100.37999725
2023-05-15,100.37000275
2023-05-16,100.40000153
2023-05-17,100.41000366
2023-05-18,100.44000244
2023-05-19,100.44999695
2023-05-22,100.45999908
2023-05-23,100.48000336
2023-05-24,100.48000336
2023-05-25,100.54000092
2023-05-26,100.56999969
2023-05-30,100.58999634
2023-05-31,100.58999634
2023-06-01,100.23000336
2023-06-02,100.23000336
2023-06-05,100.25000000
2023-06-06,100.27999878
2023-06-07,100.29000092
2023-06-08,100.33000183
2023-06-09,100.33999634
2023-06-12,100.36000061
2023-06-13,100.37000275
2023-06-14,100.38999939
2023-06-15,100.44000244
2023-06-16,100.44000244
2023-06-20,100.47000122
2023-06-21,100.48000336
2023-06-22,100.51999664
2023-06-23,100.54000092
2023-06-26,100.55000305
2023-06-27,100.55999756
2023-06-28,100.58999634
2023-06-29,100.62999725
2023-06-30,100.62999725
2023-07-03,100.26000214
2023-07-05,100.26999664
2023-07-06,100.30999756
2023-07-07,100.31999969
2023-07-10,100.33000183
2023-07-11,100.33999634
2023-07-12,100.36000061
2023-07-13,100.40000153
2023-07-14,100.41000366
2023-07-17,100.43000031
2023-07-18,100.44000244
2023-07-19,100.45999908
2023-07-20,100.50000000
2023-07-21,100.51000214
2023-07-24,100.52999878
2023-07-25,100.54000092
2023-07-26,100.55999756
2023-07-27,100.59999847
2023-07-28,100.62000275
2023-07-31,100.62000275
2023-08-01,100.19999695
2023-08-02,100.23000336
2023-08-03,100.26000214
2023-08-04,100.27999878
2023-08-07,100.29000092
2023-08-08,100.30000305
2023-08-09,100.33000183
2023-08-10,100.36000061
2023-08-11,100.37000275
2023-08-14,100.40000153
2023-08-15,100.41000366
2023-08-16,100.43000031
2023-08-17,100.47000122
2023-08-18,100.48000336
2023-08-21,100.48999786
2023-08-22,100.50000000
2023-08-23,100.52999878
2023-08-24,100.56999969
2023-08-25,100.58000183
2023-08-28,100.59999847
2023-08-29,100.62000275
2023-08-30,100.62000275
2023-08-31,100.66999817
2023-09-01,100.26999664
2023-09-05,100.27999878
2023-09-06,100.30000305
2023-09-07,100.34999847
2023-09-08,100.36000061
2023-09-11,100.37000275
2023-09-12,100.37999725
2023-09-13,100.41000366
2023-09-14,100.44000244
2023-09-15,100.45999908
2023-09-18,100.47000122
2023-09-19,100.48000336
2023-09-20,100.51000214
2023-09-21,100.54000092
2023-09-22,100.55999756
2023-09-25,100.58000183
2023-09-26,100.58000183
2023-09-27,100.61000061
2023-09-28,100.63999939
2023-09-29,100.66999817
2023-10-02,100.26999664
2023-10-03,100.27999878
2023-10-04,100.30000305
2023-10-05,100.36000061
2023-10-06,100.37000275
2023-10-09,100.37999725
2023-10-10,100.37999725
2023-10-11,100.40000153
2023-10-12,100.44999695
2023-10-13,100.44999695
2023-10-16,100.48000336
2023-10-17,100.48999786
2023-10-18,100.51000214
2023-10-19,100.55000305
2023-10-20,100.56999969
2023-10-23,100.58999634
2023-10-24,100.59999847
2023-10-25,100.59999847
2023-10-26,100.66000366
2023-10-27,100.66000366
2023-10-30,100.68000031
2023-10-31,100.69999695
2023-11-01,100.29000092
2023-11-02,100.33000183
2023-11-03,100.33999634
2023-11-06,100.36000061
2023-11-07,100.36000061
2023-11-08,100.37999725
2023-11-09,100.43000031
2023-11-10,100.43000031
2023-11-13,100.44000244
2023-11-14,100.48000336
2023-11-15,100.48000336
2023-11-16,100.52999878
2023-11-17,100.55000305
2023-11-20,100.55999756
2023-11-21,100.58999634
2023-11-22,100.62999725
2023-11-24,100.66000366
2023-11-27,100.66000366
2023-11-28,100.66999817
2023-11-29,100.69999695
2023-11-30,100.73000336
2023-12-01,100.31999969
2023-12-04,100.33000183
2023-12-05,100.34999847
2023-12-06,100.34999847
2023-12-07,100.40000153
2023-12-08,100.41000366
2023-12-11,100.43000031
2023-12-12,100.44000244
2023-12-13,100.44999695
2023-12-14,100.05000305
2023-12-15,100.05999756
2023-12-18,100.06999969
2023-12-19,100.09999847
2023-12-20,100.11000061
2023-12-21,100.16999817
2023-12-22,100.18000031
2023-12-26,100.19000244
2023-12-27,100.19999695
2023-12-28,100.26000214
2023-12-29,100.26999664
2024-01-02,100.29000092
2024-01-03,100.30000305
2024-01-04,100.34999847
2024-01-05,100.36000061
2024-01-08,100.38999939
2024-01-09,100.40000153
2024-01-10,100.41999817
2024-01-11,100.48000336
2024-01-12,100.48999786
2024-01-16,100.50000000
2024-01-17,100.51000214
2024-01-18,100.55000305
2024-01-19,100.58000183
2024-01-22,100.58999634
2024-01-23,100.61000061
2024-01-24,100.62000275
2024-01-25,100.66999817
2024-01-26,100.66999817
2024-01-29,100.68000031
2024-01-30,100.70999908
2024-01-31,100.70999908
2024-02-01,100.30999756
2024-02-02,100.31999969
2024-02-05,100.33999634
2024-02-06,100.34999847
2024-02-07,100.37000275
2024-02-08,100.40000153
2024-02-09,100.43000031
2024-02-12,100.43000031
2024-02-13,100.44999695
2024-02-14,100.47000122
2024-02-15,100.51999664
2024-02-16,100.52999878
2024-02-20,100.55000305
2024-02-21,100.55999756
2024-02-22,100.59999847
2024-02-23,100.62999725
2024-02-26,100.63999939
2024-02-27,100.66000366
2024-02-28,100.66999817
2024-02-29,100.69999695
2024-03-01,100.31999969
2024-03-04,100.33000183
2024-03-05,100.33999634
2024-03-06,100.36000061
2024-03-07,100.41000366
2024-03-08,100.41999817
2024-03-11,100.44000244
2024-03-12,100.44999695
2024-03-13,100.45999908
2024-03-14,100.50000000
2024-03-15,100.51999664
2024-03-18,100.52999878
2024-03-19,100.55000305
2024-03-20,100.55999756
2024-03-21,100.59999847
2024-03-22,100.62000275
2024-03-25,100.63999939
2024-03-26,100.65000153
2024-03-27,100.69999695
2024-03-28,100.70999908
2024-04-01,100.29000092
2024-04-02,100.30999756
2024-04-03,100.31999969
2024-04-04,100.37000275
2024-04-05,100.37999725
2024-04-08,100.40000153
2024-04-09,100.41000366
2024-04-10,100.43000031
2024-04-11,100.47000122
2024-04-12,100.48000336
2024-04-15,100.50000000
2024-04-16,100.50000000
2024-04-17,100.52999878
2024-04-18,100.55999756
2024-04-19,100.58999634
2024-04-22,100.59999847
2024-04-23,100.61000061
2024-04-24,100.62000275
2024-04-25,100.66999817
2024-04-26,100.69000244
2024-04-29,100.69000244
2024-04-30,100.69999695
2024-05-01,100.30999756
2024-05-02,100.34999847
2024-05-03,100.37000275
2024-05-06,100.37999725
2024-05-07,100.37999725
2024-05-08,100.41000366
2024-05-09,100.44000244
2024-05-10,100.47000122
2024-05-13,100.48000336
2024-05-14,100.48000336
2024-05-15,100.50000000
2024-05-16,100.55000305
2024-05-17,100.55999756
2024-05-20,100.56999969
2024-05-21,100.58999634
2024-05-22,100.59999847
2024-05-23,100.66999817
2024-05-24,100.68000031
2024-05-28,100.69000244
2024-05-29,100.69000244
2024-05-30,100.70999908
2024-05-31,100.75000000
2024-06-03,100.33000183
2024-06-04,100.34999847
2024-06-05,100.37000275
2024-06-06,100.37000275
2024-06-07,100.41000366
2024-06-10,100.43000031
2024-06-11,100.44999695
2024-06-12,100.47000122
2024-06-13,100.48000336
2024-06-14,100.52999878
2024-06-17,100.54000092
2024-06-18,100.56999969
2024-06-20,100.58000183
2024-06-21,100.62000275
2024-06-24,100.62999725
2024-06-25,100.65000153
2024-06-26,100.66000366
2024-06-27,100.66999817
2024-06-28,100.70999908
2024-07-01,100.30999756
2024-07-02,100.31999969
2024-07-03,100.34999847
2024-07-05,100.38999939
2024-07-08,100.41000366
2024-07-09,100.41000366
2024-07-10,100.43000031
2024-07-11,100.44999695
2024-07-12,100.50000000
2024-07-15,100.50000000
2024-07-16,100.51999664
2024-07-17,100.52999878
2024-07-18,100.55000305
2024-07-19,100.58999634
2024-07-22,100.61000061
2024-07-23,100.62000275
2024-07-24,100.62999725
2024-07-25,100.65000153
2024-07-26,100.68000031
2024-07-29,100.70999908
2024-07-30,100.70999908
2024-07-31,100.72000122
2024-08-01,100.30000305
2024-08-02,100.34999847
2024-08-05,100.36000061
2024-08-06,100.37999725
2024-08-07,100.37999725
2024-08-08,100.41000366
2024-08-09,100.44000244
2024-08-12,100.45999908
2024-08-13,100.48000336
2024-08-14,100.50000000
2024-08-15,100.51000214
2024-08-16,100.55000305
2024-08-19,100.55999756
2024-08-20,100.56999969
2024-08-21,100.59999847
2024-08-22,100.59999847
2024-08-23,100.63999939
2024-08-26,100.66000366
2024-08-27,100.66999817
2024-08-28,100.68000031
2024-08-29,100.69000244
2024-08-30,100.73999786
2024-09-03,100.33999634
2024-09-04,100.34999847
2024-09-05,100.37999725
2024-09-06,100.41999817
2024-09-09,100.43000031
2024-09-10,100.44999695
2024-09-11,100.44999695
2024-09-12,100.45999908
2024-09-13,100.51999664
2024-09-16,100.54000092
2024-09-17,100.54000092
2024-09-18,100.56999969
2024-09-19,100.58999634
2024-09-20,100.62999725
2024-09-23,100.66000366
2024-09-24,100.66999817
2024-09-25,100.66999817
2024-09-26,100.68000031
2024-09-27,100.72000122
2024-09-30,100.72000122
2024-10-01,100.33000183
2024-10-02,100.33000183
2024-10-03,100.33999634
2024-10-04,100.37999725
2024-10-07,100.38999939
2024-10-08,100.40000153
2024-10-09,100.41999817
2024-10-10,100.44000244
2024-10-11,100.48000336
2024-10-14,100.48000336
2024-10-15,100.50000000
2024-10-16,100.51999664
2024-10-17,100.51999664
2024-10-18,100.55999756
2024-10-21,100.58000183
2024-10-22,100.58999634
2024-10-23,100.58999634
2024-10-24,100.62000275
2024-10-25,100.66000366
2024-10-28,100.66000366
2024-10-29,100.68000031
2024-10-30,100.68000031
2024-10-31,100.69999695
2024-11-01,100.33999634
2024-11-04,100.34999847
2024-11-05,100.37000275
2024-11-06,100.37000275
2024-11-07,100.38999939
2024-11-08,100.44000244
2024-11-11,100.43000031
2024-11-12,100.44000244
2024-11-13,100.47000122
2024-11-14,100.47000122
2024-11-15,100.51999664
2024-11-18,100.52999878
2024-11-19,100.54000092
2024-11-20,100.55999756
2024-11-21,100.55999756
2024-11-22,100.58999634
2024-11-25,100.59999847
2024-11-26,100.62000275
2024-11-27,100.63999939
2024-11-29,100.68000031
2024-12-02,100.31999969
2024-12-03,100.33000183
2024-12-04,100.34999847
2024-12-05,100.36000061
2024-12-06,100.41000366
2024-12-09,100.41999817
2024-12-10,100.44000244
2024-12-11,100.44000244
2024-12-12,100.44999695
2024-12-13,100.50000000
2024-12-16,100.51000214
2024-12-17,100.51000214
2024-12-18,100.16000366
2024-12-19,100.18000031
2024-12-20,100.19999695
2024-12-23,100.22000122
2024-12-24,100.25000000
2024-12-26,100.26000214
2024-12-27,100.29000092
2024-12-30,100.29000092
2024-12-31,100.31999969
2025-01-02,100.33999634
2025-01-03,100.37000275
2025-01-06,100.37000275
2025-01-07,100.38999939
2025-01-08,100.41000366
2025-01-10,100.44999695
2025-01-13,100.47000122
2025-01-14,100.48000336
2025-01-15,100.48999786
2025-01-16,100.48999786
2025-01-17,100.54000092
2025-01-21,100.55000305
2025-01-22,100.56999969
2025-01-23,100.58000183
2025-01-24,100.61000061
2025-01-27,100.61000061
2025-01-28,100.63999939
2025-01-29,100.63999939
2025-01-30,100.66000366
2025-01-31,100.68000031
2025-02-03,100.33999634
2025-02-04,100.36000061
2025-02-05,100.36000061
2025-02-06,100.37999725
2025-02-07,100.41000366
2025-02-10,100.43000031
2025-02-11,100.43000031
2025-02-12,100.44000244
2025-02-13,100.45999908
2025-02-14,100.50000000
2025-02-18,100.51999664
2025-02-19,100.51999664
2025-02-20,100.54000092
2025-02-21,100.58000183
2025-02-24,100.58999634
2025-02-25,100.59999847
2025-02-26,100.59999847
2025-02-27,100.62999725
2025-02-28,100.65000153
2025-03-03,100.36000061
2025-03-04,100.37000275
2025-03-05,100.37000275
2025-03-06,100.40000153
2025-03-07,100.43000031
2025-03-10,100.43000031
2025-03-11,100.44999695
2025-03-12,100.44999695
2025-03-13,100.48000336
2025-03-14,100.51000214
2025-03-17,100.51999664
2025-03-18,100.52999878
2025-03-19,100.55000305
2025-03-20,100.55000305
2025-03-21,100.58000183
2025-03-24,100.59999847
2025-03-25,100.61000061
2025-03-26,100.62999725
2025-03-27,100.63999939
2025-03-28,100.66999817
2025-03-31,100.66999817
2025-04-01,100.34999847
2025-04-02,100.36000061
2025-04-03,100.37999725
2025-04-04,100.41000366
2025-04-07,100.41999817
2025-04-08,100.41999817
2025-04-09,100.44000244
2025-04-10,100.44000244
2025-04-11,100.48999786
2025-04-14,100.50000000
2025-04-15,100.51000214
2025-04-16,100.52999878
2025-04-17,100.56999969
2025-04-21,100.56999969
2025-04-22,100.58000183
2025-04-23,100.61000061
2025-04-24,100.61000061
2025-04-25,100.65000153
2025-04-28,100.65000153
2025-04-29,100.66000366
2025-04-30,100.69000244
2025-05-01,100.37000275
2025-05-02,100.40000153
2025-05-05,100.41000366
2025-05-06,100.41000366
2025-05-07,100.41999817
2025-05-08,100.44999695
2025-05-09,100.48000336
2025-05-12,100.48000336
2025-05-13,100.50000000
2025-05-14,100.51000214
2025-05-15,100.51000214
2025-05-16,100.55000305
2025-05-19,100.55999756
2025-05-20,100.58000183
2025-05-21,100.58999634
2025-05-22,100.61000061
2025-05-23,100.63999939
2025-05-27,100.65000153
2025-05-28,100.68000031
2025-05-29,100.68000031
2025-05-30,100.70999908
2025-06-02,100.37999725
2025-06-03,100.38999939
2025-06-04,100.40000153
2025-06-05,100.41000366
2025-06-06,100.44000244
2025-06-09,100.44999695
2025-06-10,100.45999908
2025-06-11,100.48000336
2025-06-12,100.48999786
2025-06-13,100.52999878
2025-06-16,100.52999878
2025-06-17,100.54000092
2025-06-18,100.55999756
2025-06-20,100.59999847
2025-06-23,100.62000275
2025-06-24,100.62999725
2025-06-25,100.63999939
2025-06-26,100.65000153
2025-06-27,100.69000244
2025-06-30,100.69000244
2025-07-01,100.37000275
2025-07-02,100.37000275
2025-07-03,100.41999817
2025-07-07,100.44000244
2025-07-08,100.45999908
2025-07-09,100.44999695
2025-07-10,100.47000122
2025-07-11,100.51000214
2025-07-14,100.51000214
2025-07-15,100.51999664
2025-07-16,100.55000305
2025-07-17,100.55999756
2025-07-18,100.58999634
2025-07-21,100.59999847
2025-07-22,100.62000275
2025-07-23,100.62999725
2025-07-24,100.63999939
2025-07-25,100.66000366
2025-07-28,100.69000244
2025-07-29,100.69000244
2025-07-30,100.70999908
2025-07-31,100.72000122
2025-08-01,100.38999939
2025-08-04,100.41000366
2025-08-05,100.41999817
2025-08-06,100.43000031
2025-08-07,100.43000031
2025-08-08,100.48000336
2025-08-11,100.48999786
2025-08-12,100.48999786
2025-08-13,100.51000214
2025-08-14,100.51999664
2025-08-15,100.55000305
2025-08-18,100.58000183
2025-08-19,100.58000183
2025-08-20,100.59999847
2025-08-21,100.59999847
2025-08-22,100.63999939
2025-08-25,100.66000366
2025-08-26,100.66000366
2025-08-27,100.66999817
2025-08-28,100.68000031
2025-08-29,100.73999786
2025-09-02,100.38999939
2025-09-03,100.40000153
2025-09-04,100.41999817
2025-09-05,100.44000244
2025-09-08,100.47000122
2025-09-09,100.47000122
2025-09-10,100.48000336
2025-09-11,100.50000000
2025-09-12,100.52999878
2025-09-15,100.52999878
2025-09-16,100.55000305
2025-09-17,100.55999756
2025-09-18,100.58000183
2025-09-19,100.62000275
2025-09-22,100.62000275
2025-09-23,100.63999939
2025-09-24,100.65000153
2025-09-25,100.66000366
2025-09-26,100.69000244
2025-09-29,100.69999695
2025-09-30,100.69999695
2025-10-01,100.37000275
2025-10-02,100.37999725
2025-10-03,100.41999817
2025-10-06,100.41999817
2025-10-07,100.44000244
2025-10-08,100.44999695
2025-10-09,100.45999908
2025-10-10,100.51000214
2025-10-13,100.50000000
2025-10-14,100.51000214
2025-10-15,100.52999878
2025-10-16,100.54000092
2025-10-17,100.56999969
2025-10-20,100.58000183
2025-10-21,100.59999847
2025-10-22,100.61000061
2025-10-23,100.62000275
2025-10-24,100.65000153
2025-10-27,100.66000366
2025-10-28,100.66999817
2025-10-29,100.68000031
2025-10-30,100.69000244
2025-10-31,100.72000122
2025-11-03,100.40000153
2025-11-04,100.40000153
2025-11-05,100.41999817
2025-11-06,100.43000031
2025-11-07,100.45999908
2025-11-10,100.47000122
2025-11-11,100.48000336
2025-11-12,100.48999786
2025-11-13,100.50000000
2025-11-14,100.52999878
2025-11-17,100.54000092
2025-11-18,100.54000092
2025-11-19,100.55999756
2025-11-20,100.58000183
2025-11-21,100.59999847
2025-11-24,100.61000061
2025-11-25,100.62999725
2025-11-26,100.63999939
2025-11-28,100.66999817
2025-12-01,100.37999725
2025-12-02,100.40000153
2025-12-03,100.41000366
2025-12-04,100.43000031
2025-12-05,100.45999908
2025-12-08,100.45999908
2025-12-09,100.47000122
2025-12-10,100.47000122
2025-12-11,100.48999786
2025-12-12,100.52999878
2025-12-15,100.52999878
2025-12-16,100.54000092
2025-12-17,100.55999756
2025-12-18,100.55999756
2025-12-19,100.27999878
2025-12-22,100.27999878
2025-12-23,100.29000092
2025-12-24,100.30999756
2025-12-26,100.33999634
2025-12-29,100.36000061
2025-12-30,100.37000275
2025-12-31,100.37999725
2026-01-02,100.41000366
2026-01-05,100.41999817
2026-01-06,100.43000031
2026-01-07,100.44000244
2026-01-08,100.44999695
2026-01-09,100.47000122
2026-01-12,100.48999786
2026-01-13,100.50000000
2026-01-14,100.51000214
2026-01-15,100.51999664
2026-01-16,100.55999756
2026-01-20,100.55999756
2026-01-21,100.55999756
2026-01-22,100.58000183
2026-01-23,100.61000061
2026-01-26,100.62000275
2026-01-27,100.62000275
2026-01-28,100.63999939
2026-01-29,100.65000153
2026-01-30,100.66999817
2026-02-02,100.37000275
2026-02-03,100.38999939
2026-02-04,100.40000153
2026-02-05,100.40000153
2026-02-06,100.43000031
2026-02-09,100.44999695
2026-02-10,100.45999908
2026-02-11,100.45999908
2026-02-12,100.48000336
2026-02-13,100.51999664
2026-02-17,100.51999664
2026-02-18,100.54000092
2026-02-19,100.55000305
2026-02-20,100.56999969
2026-02-23,100.58999634
2026-02-24,100.58999634
2026-02-25,100.59999847
2026-02-26,100.62000275
2026-02-27,100.63999939
2026-03-02,100.37999725
2026-03-03,100.40000153
2026-03-04,100.40000153
2026-03-05,100.41000366
2026-03-06,100.44999695
2026-03-09,100.45999908
2026-03-10,100.45999908
2026-03-11,100.48000336
2026-03-12,100.48999786
2026-03-13,100.51999664
2026-03-16,100.51999664
2026-03-17,100.54000092
2026-03-18,100.55000305
2026-03-19,100.55000305
2026-03-20,100.58000183
2026-03-23,100.58000183
2026-03-24,100.61000061
2026-03-25,100.61000061
2026-03-26,100.62000275
2026-03-27,100.65000153
2026-03-30,100.66000366
2026-03-31,100.66000366
2026-04-01,100.38999939
2026-04-02,100.43000031
2026-04-06,100.44000244
2026-04-07,100.44999695
2026-04-08,100.44999695
2026-04-09,100.45999908
2026-04-10,100.50000000
2026-04-13,100.51000214
2026-04-14,100.51000214
2026-04-15,100.52999878
2026-04-16,100.52999878
2026-04-17,100.55999756
2026-04-20,100.56999969
2026-04-21,100.58999634
2026-04-22,100.59999847
2026-04-23,100.61000061
2026-04-24,100.63999939
2026-04-27,100.63999939
2026-04-28,100.66000366
2026-04-29,100.66999817
2026-04-30,100.66999817
2026-05-01,100.41000366
2026-05-04,100.41999817
2026-05-05,100.43000031
2026-05-06,100.44000244
2026-05-07,100.44999695
2026-05-08,100.48000336
2026-05-11,100.48999786
2026-05-12,100.50000000
2026-05-13,100.51000214
2026-05-14,100.51999664
2026-05-15,100.55000305
2026-05-18,100.55999756
2026-05-19,100.56999969
2026-05-20,100.58000183
2026-05-21,100.58000183
2026-05-22,100.62999725
2026-05-26,100.63999939
2026-05-27,100.65000153
2026-05-28,100.65000153
2026-05-29,100.66999817
2026-06-01,100.40000153
2026-06-02,100.40000153
2026-06-03,100.41000366
2026-06-04,100.41999817
2026-06-05,100.44999695
